,Unnamed: 0,id,x,y,z,first_timestamp,last_timestamp,latitude,longitude,first_unix_timestamp,last_unix_timestamp,x_3011,y_3011,xy_3011,nearby_parking_ids,closest_parking_id,all_close_parking_id,closest_parking_geom
8,8,31,1063.1616,274.3666,31.577951,623081999074153,623083163332620,59.30790804978032,18.027584401205537,1682337119.791125,1682337120.9553835,151571.24409353055,6576969.686092908,"[151571.24409353055, 6576969.686092908]","[7678, 13843]",13843,"{7678: [15.120528536130461], 13843: [6.637441718461267]}","[[151574.473349, 6576963.887167], [151589.196784, 6576952.894341]]"
9,9,33,1068.8466,270.84064,31.303724,623082996993349,623083995029026,59.30787638422826,18.02768418832258,1682337120.789044,1682337121.7870798,151576.92956560163,6576966.160893947,"[151576.92956560163, 6576966.160893947]","[7407, 7678, 7678, 13843, 13843]",13843,"[{7407: [19.262083874226448], 7678: [13.786552947224223], 13843: [3.2914025627824763]}]","[[151574.473349, 6576963.887167], [151589.196784, 6576952.894341]]"
10,10,34,1072.9042,267.79724,31.32184,623083329671891,623084826725484,59.30784905449237,18.02775540744277,1682337121.1217227,1682337122.6187763,151580.98757305922,6576963.118037125,"[151580.98757305922, 6576963.118037125]","[7407, 7678, 7678, 13843, 13843]",13843,"[{7407: [16.115616206180793], 7678: [13.75691114618603], 13843: [3.280935073365533]}]","[[151574.473349, 6576963.887167], [151589.196784, 6576952.894341]]"
11,11,35,1066.7552,262.20648,31.614662,623083662350484,623085492082620,59.30779888389875,18.02764742961538,1682337121.4544013,1682337123.2841334,151574.8393214606,6576957.5264539,"[151574.8393214606, 6576957.5264539]","[7407, 7678, 7678, 13843, 13843]",13843,"[{7407: [11.447294796960579], 7678: [5.598099715571083], 13843: [4.877876358876037]}]","[[151574.473349, 6576963.887167], [151589.196784, 6576952.894341]]"
12,12,38,1090.1403,250.3974,31.119736,623087987171891,623089484107214,59.30769281857222,18.028057912177275,1682337125.7792227,1682337127.276158,151598.22600254626,6576945.720504424,"[151598.22600254626, 6576945.720504424]","[7407, 7407, 7678, 13843]",7407,"[{7407: [10.183149332229677], 7678: [19.16580298884374], 13843: [11.532160195994614]}]","[[151579.500604, 6576947.071168], [151591.267397, 6576938.285833]]"
13,13,37,1102.4564,248.73358,30.400347,623087987171891,623089816904026,59.3076778511496,18.028274120939265,1682337125.7792227,1682337127.608955,151610.5423253821,6576944.058333193,"[151610.5423253821, 6576944.058333193]",[622],622,,"[[151643.514, 6576923.779663], [151627.047, 6576935.407336]]"
14,14,39,1099.1796,247.21672,30.855673,623089650446485,623090316038424,59.3076642433984,18.02821658687018,1682337127.4424973,1682337128.1080892,151607.26572842125,6576942.5410345085,"[151607.26572842125, 6576942.5410345085]",[7407],7407,,"[[151579.500604, 6576947.071168], [151591.267397, 6576938.285833]]"
15,15,41,1094.1848,234.12158,30.734688,623093208168798,623093707186663,59.30754670619687,18.02812883366233,1682337131.0002196,1682337131.4992375,151602.27268145396,6576929.445225745,"[151602.27268145396, 6576929.445225745]","[7407, 11735, 11735, 11735, 11735]",11735,"[{7407: [14.116395522438602], 11735: [12.01571378548534]}]","[[151553.566522, 6576882.61682], [151557.343824, 6576885.347901], [151595.48918, 6576912.508762], [151595.762086, 6576912.716728], [151596.020949, 6576912.941932], [151600.93422, 6576917.504292]]"
16,16,44,1084.5577,214.5193,29.78731,623093906793798,623096072041914,59.30737076868636,18.027959725967904,1682337131.698845,1682337133.8640928,151592.64820557073,6576909.841656796,"[151592.64820557073, 6576909.841656796]","[10765, 11735, 11735, 11735, 11735]",11735,"[{10765: [13.132510374150968], 11735: [1.2559022311443098]}]","[[151553.566522, 6576882.61682], [151557.343824, 6576885.347901], [151595.48918, 6576912.508762], [151595.762086, 6576912.716728], [151596.020949, 6576912.941932], [151600.93422, 6576917.504292]]"
17,17,49,1078.9188,212.33563,29.812338,623096072041914,623097402756184,59.30735118112652,18.02786072140253,1682337133.8640928,1682337135.194807,151587.00959785873,6576907.657231888,"[151587.00959785873, 6576907.657231888]","[10765, 11735, 11735, 11735, 11735]",11735,"[{10765: [9.807975701845766], 11735: [0.32912920972213583]}]","[[151553.566522, 6576882.61682], [151557.343824, 6576885.347901], [151595.48918, 6576912.508762], [151595.762086, 6576912.716728], [151596.020949, 6576912.941932], [151600.93422, 6576917.504292]]"
18,18,54,1074.4148,208.53639,29.499178,623097735434726,623098234452591,59.30731708824273,18.027781632627807,1682337135.5274856,1682337136.026503,151582.50610643462,6576903.857388903,"[151582.50610643462, 6576903.857388903]","[10765, 11735, 11735, 11735]",11735,"[{10765: [10.24959822062373], 11735: [0.05970009680337405]}]","[[151553.566522, 6576882.61682], [151557.343824, 6576885.347901], [151595.48918, 6576912.508762], [151595.762086, 6576912.716728], [151596.020949, 6576912.941932], [151600.93422, 6576917.504292]]"
19,19,55,1071.2644,213.82722,29.578524,623097901774049,623098400791914,59.30736459003405,18.027726352107607,1682337135.693825,1682337136.1928427,151579.35499811912,6576909.1477971915,"[151579.35499811912, 6576909.1477971915]","[10765, 11735, 11735, 11735]",10765,"[{10765: [4.112316414805056], 11735: [6.068732077312273]}]","[[151556.066785, 6576897.614023], [151580.609833, 6576915.089553]]"
20,20,56,1068.3214,202.52234,29.358837,623098400791914,623098899809726,59.30726311781047,18.02767463043867,1682337136.1928427,1682337136.691861,151576.41351149877,6576897.842523122,"[151576.41351149877, 6576897.842523122]","[8752, 10765]",10765,"[{8752: [19.44826817340102], 10765: [11.615453150396327]}]","[[151556.066785, 6576897.614023], [151580.609833, 6576915.089553]]"
21,21,57,1063.275,208.5481,29.554638,623098733470455,623099565166914,59.30731722152024,18.02758606831594,1682337136.5255213,1682337137.3572178,151571.36630478324,6576903.867607598,"[151571.36630478324, 6576903.867607598]","[8752, 10765, 10765]",10765,"[{8752: [15.487389076036267], 10765: [3.7799220267812883]}]","[[151556.066785, 6576897.614023], [151580.609833, 6576915.089553]]"
22,22,61,1058.2113,204.84306,29.291624,623099066149049,623100263791914,59.30728397546885,18.02749715457196,1682337136.8581998,1682337138.0558426,151566.30310074514,6576900.161889687,"[151566.30310074514, 6576900.161889687]","[8752, 8752, 10765, 11735]",10765,"[{8752: [9.546863951196839], 10765: [3.861817882660695], 11735: [6.573687507859563]}]","[[151556.066785, 6576897.614023], [151580.609833, 6576915.089553]]"
23,23,67,978.472,170.2975,28.683186,623111076054075,623111774679075,59.30697406496958,18.02609713908012,1682337148.868105,1682337149.56673,151486.56842485446,6576865.605654646,"[151486.56842485446, 6576865.605654646]","[1008, 12567, 12586, 12586, 12586]",1008,"[{1008: [3.570053125190696], 12567: [15.775885316625263], 12586: [7.415073826355626]}]","[[151453.305, 6576855.646], [151485.32, 6576862.261]]"
24,24,68,937.2585,126.50928,27.587645,623120988767944,623123184796113,59.30658108786348,18.02537343437029,1682337158.7808187,1682337160.976847,151445.36078656538,6576821.811917094,"[151445.36078656538, 6576821.811917094]","[1258, 1258, 1287, 1287]",1258,"[{1258: [4.77946628453701], 1287: [4.77946628453701]}]","[[151445.122495, 6576840.069092], [151452.675768, 6576812.047152], [151457.44714, 6576796.867479]]"
25,25,69,941.3893,109.60709,27.830456,623124182831842,623125946028249,59.30642935404207,18.025445877324834,1682337161.9748826,1682337163.738079,151449.4938492933,6576804.910279985,"[151449.4938492933, 6576804.910279985]","[1258, 1258, 1287, 1287]",1258,"[{1258: [5.441715563863788], 1287: [5.441715563863788]}]","[[151445.122495, 6576840.069092], [151452.675768, 6576812.047152], [151457.44714, 6576796.867479]]"
26,26,70,945.7718,99.94826,27.707733,623125946028249,623126944063978,59.306342640552266,18.02552276989513,1682337163.738079,1682337164.7361147,151453.8776423495,6576795.252036615,"[151453.8776423495, 6576795.252036615]","[1258, 1258, 1287, 1287]",1258,"[{1258: [3.9180310841287995], 1287: [3.9180310841287995]}]","[[151445.122495, 6576840.069092], [151452.675768, 6576812.047152], [151457.44714, 6576796.867479]]"
27,27,71,986.6359,88.59087,25.477976,623178941724707,623180605452036,59.30624059612277,18.026240085834136,1682337216.7337756,1682337218.397503,151494.74326301995,6576783.900117023,"[151494.74326301995, 6576783.900117023]","[13154, 13154, 13154]",13154,[{13154: [3.7692156915060813]}],"[[151481.426192, 6576785.138959], [151489.072431, 6576786.525844], [151500.901844, 6576788.943729]]"
28,28,72,992.9006,88.02343,25.727575,623180272663598,623181936166306,59.30623548776097,18.026350059475995,1682337218.0647144,1682337219.7282171,151501.00803902428,6576783.333515677,"[151501.00803902428, 6576783.333515677]","[13154, 13154, 13154]",13154,[{13154: [5.526486109020752]}],"[[151481.426192, 6576785.138959], [151489.072431, 6576786.525844], [151500.901844, 6576788.943729]]"
29,29,76,1006.89624,122.27741,25.364702,623188224214804,623189554929075,59.306542939847766,18.02659591117054,1682337226.0162656,1682337227.34698,151514.99909352796,6576817.589369504,"[151514.99909352796, 6576817.589369504]","[12567, 12567, 12570, 12570, 12570, 13797, 13797]",12570,"[{12567: [9.413814443027018], 12570: [0.2240264374096855], 13797: [0.31642343529866523]}]","[[151518.41825, 6576802.051364], [151512.496109, 6576831.791036], [151512.483778, 6576831.850915], [151507.185811, 6576856.755046]]"
30,30,81,998.6953,128.54749,25.377003,623189554929075,623190552964804,59.30659924346251,18.02645197208841,1682337227.34698,1682337228.3450155,151506.7973140944,6576823.858351681,"[151506.7973140944, 6576823.858351681]","[12567, 12570, 12570, 13797, 13797]",12567,"[{12567: [2.642821006598943], 12570: [6.997270008220721], 13797: [7.76405117989638]}]","[[151508.398335, 6576802.951537], [151503.037112, 6576829.874407], [151497.793908, 6576854.521112]]"
31,31,80,1004.5018,132.614,25.368097,623189388589804,623190885643346,59.30663573324775,18.02655392464245,1682337227.1806407,1682337228.677694,151512.60326974685,6576827.92563903,"[151512.60326974685, 6576827.92563903]","[12567, 12570, 12570, 13797, 13797]",12570,"[{12567: [9.149013500866923], 12570: [0.4918905925374448], 13797: [5.949613775162612]}]","[[151518.41825, 6576802.051364], [151512.496109, 6576831.791036], [151512.483778, 6576831.850915], [151507.185811, 6576856.755046]]"
32,32,82,996.1665,136.05025,25.289686,623190386625534,623191218321940,59.3066665988996,18.02640761333284,1682337228.1786764,1682337229.0103729,151504.26750967835,6576831.360773202,"[151504.26750967835, 6576831.360773202]","[12567, 12570, 12570, 13797, 13797]",12567,"[{12567: [1.6759945657006456], 12570: [7.966365803944471], 13797: [13.620101101972548]}]","[[151508.398335, 6576802.951537], [151503.037112, 6576829.874407], [151497.793908, 6576854.521112]]"
33,33,83,1051.7136,171.79126,26.506483,623204859358919,623206522918922,59.30698729805403,18.02738292375231,1682337242.65141,1682337244.3149698,151559.80982538481,6576867.109219589,"[151559.80982538481, 6576867.109219589]","[11735, 11735, 12533]",12533,"[{11735: [16.7171919788302], 12533: [13.934507892905428]}]","[[151557.386124, 6576853.387114], [151577.922814, 6576836.96298]]"
34,34,84,1051.852,162.47478,26.76899,623206023901057,623207687293922,59.30690366715625,18.027385308078447,1682337243.8159518,1682337245.4793448,151559.94947259277,6576857.792758048,"[151559.94947259277, 6576857.792758048]",[12533],12533,,"[[151557.386124, 6576853.387114], [151577.922814, 6576836.96298]]"
35,35,85,1055.2087,161.02586,26.769756,623207188276057,623208352651057,59.306890652379735,18.02744422872116,1682337244.980327,1682337246.144702,151563.30636658554,6576856.344287403,"[151563.30636658554, 6576856.344287403]",[12533],12533,,"[[151557.386124, 6576853.387114], [151577.922814, 6576836.96298]]"
36,36,92,1103.5825,154.03319,26.51197,623217466962804,623221293420221,59.30682775830497,18.02829340695008,1682337255.2590137,1682337259.0854712,151611.68110307108,6576849.358093193,"[151611.68110307108, 6576849.358093193]","[11286, 11286, 13305, 13305]",13305,"[{11286: [15.199276225608957], 13305: [1.3587868190188364]}]","[[151606.836454, 6576846.746585], [151617.153571, 6576856.240388]]"
37,37,94,1111.6016,163.06848,26.583567,623221127080951,623223456091107,59.306908843714936,18.02843423041265,1682337258.9191318,1682337261.248142,151619.6989935726,6576858.394456791,"[151619.6989935726, 6576858.394456791]","[11286, 11286, 11286, 13305, 13305]",11286,"[{11286: [3.1511753669446914], 13305: [3.3345447105556545]}]","[[151621.384147, 6576861.057193], [151622.816938, 6576862.375646], [151630.996335, 6576870.155519]]"
38,38,97,1128.7722,183.93657,26.034616,623224886523479,623226749523479,59.30709612325283,18.028735773619587,1682337262.6785743,1682337264.5415742,151636.8668000781,6576879.264845609,"[151636.8668000781, 6576879.264845609]","[11286, 11476, 11476]",11476,"[{11286: [10.837074858703188], 11476: [2.821775913755739]}]","[[151636.652016, 6576875.1662], [151646.745914, 6576884.767059]]"
39,39,98,1131.3009,184.4057,26.521719,623226416844937,623227747384492,59.30710032769868,18.02878016829066,1682337264.2088957,1682337265.5394354,151639.395437296,6576879.7343141325,"[151639.395437296, 6576879.7343141325]","[11286, 11476, 11476]",11476,"[{11286: [12.739632473664011], 11476: [1.4192348362644243]}]","[[151636.652016, 6576875.1662], [151646.745914, 6576884.767059]]"
40,40,99,1166.8319,223.91736,25.504992,623237062472495,623239723987802,59.30745491249507,18.02940414079521,1682337274.8545234,1682337277.516039,151674.9211481133,6576919.250731056,"[151674.9211481133, 6576919.250731056]","[1214, 2677, 2678]",1214,"[{1214: [1.9740866155332], 2677: [13.93979345517156], 2678: [13.93979345517156]}]","[[151681.200092, 6576917.469286], [151657.173907, 6576933.338713]]"
41,41,100,1166.6097,223.9935,26.082806,623241387380667,623243050773479,59.30745559658845,18.02940024036601,1682337279.1794314,1682337280.8428242,151674.69893791844,6576919.3268413115,"[151674.69893791844, 6576919.3268413115]","[1214, 2677, 2678]",1214,"[{1214: [2.0330470754616923], 2677: [13.880832992758519], 2678: [13.880832992758519]}]","[[151681.200092, 6576917.469286], [151657.173907, 6576933.338713]]"
42,42,107,1154.2101,223.98001,26.49226,623244281853835,623245113550294,59.30745550952528,18.029182558666765,1682337282.0739048,1682337282.905601,151662.2993396172,6576919.311691356,"[151662.2993396172, 6576919.311691356]","[622, 1214, 1214, 2677, 2677, 2678, 2678]",2677,"[{622: [19.30936962068851], 1214: [8.879553173545634], 2677: [7.034326794073291], 2678: [7.034326794073291]}]","[[151668.218049, 6576906.972106], [151646.531951, 6576921.295893]]"
43,43,112,1145.2883,227.27551,26.29738,623245113550294,623246643255407,59.30748511625396,18.029025949141936,1682337282.905601,1682337284.4353063,151653.37709836656,6576922.6059970055,"[151653.37709836656, 6576922.6059970055]","[622, 1214, 2677, 2678]",2677,"[{622: [9.932683487146043], 1214: [11.048101823538005], 2677: [4.865778054296937], 2678: [4.865778054296937]}]","[[151668.218049, 6576906.972106], [151646.531951, 6576921.295893]]"
44,44,117,1145.385,238.6718,25.9586,623246310668806,623246975745833,59.30758741621101,18.029027707142,1682337284.1027195,1682337284.7677968,151653.47227272484,6576934.002300045,"[151653.47227272484, 6576934.002300045]","[622, 1214, 2677, 2678]",1214,"[{622: [14.271282486879315], 1214: [3.760644103655004], 2677: [14.478288767591703], 2678: [14.478288767591703]}]","[[151681.200092, 6576917.469286], [151657.173907, 6576933.338713]]"
45,45,118,1138.0823,232.30632,26.31306,623246809501315,623248638643346,59.30753029540605,18.028899470321463,1682337284.6015522,1682337286.430694,151646.17042482228,6576927.635842368,"[151646.17042482228, 6576927.635842368]","[622, 1214, 2677, 2678]",622,"[{622: [4.682281634017128], 1214: [12.3935206247376], 2677: [6.3502487479238905], 2678: [6.3502487479238905]}]","[[151643.514, 6576923.779663], [151627.047, 6576935.407336]]"
46,46,121,1125.1168,238.39833,26.11704,623248638643346,623249969254131,59.30758501579506,18.02867188522125,1682337286.430694,1682337287.7613049,151633.2041091657,6576933.7261167,"[151633.2041091657, 6576933.7261167]","[622, 622, 2677, 2678]",622,"[{622: [2.178149540279525], 2677: [18.224758686577136], 2678: [18.224758686577136]}]","[[151643.514, 6576923.779663], [151627.047, 6576935.407336]]"
47,47,119,1132.6614,243.91083,26.58331,623247141988991,623250468271944,59.30763447929428,18.02880436410476,1682337284.9340398,1682337288.2603228,151640.7479712589,6576939.239626759,"[151640.7479712589, 6576939.239626759]","[622, 622, 1214, 2677, 2678]",622,"[{622: [11.033401045194243], 1214: [17.45371445173633], 2677: [18.852904360706855], 2678: [18.852904360706855]}]","[[151643.514, 6576923.779663], [151627.047, 6576935.407336]]"
48,48,129,1076.1582,251.4308,27.464293,623263476310212,623264141766397,59.30770213083618,18.027812452346947,1682337301.268361,1682337301.9338171,151584.24376409524,6576946.752032618,"[151584.24376409524, 6576946.752032618]","[7407, 7407, 7678, 7678, 13843, 13843]",7407,"[{7407: [2.58194775980671], 7678: [5.148633635767678], 13843: [7.88504008508812]}]","[[151579.500604, 6576947.071168], [151591.267397, 6576938.285833]]"
49,49,131,1067.701,254.33134,27.617682,623264507712804,623265871983450,59.30772818933656,18.02766399491524,1682337302.2997637,1682337303.6640344,151575.78617573003,6576949.65144046,"[151575.78617573003, 6576949.65144046]","[7407, 7407, 7678, 7678, 13843, 13843]",7678,"[{7407: [4.5226964680877515], 7678: [0.14566042634289803], 13843: [10.621636496245213]}]","[[151569.275447, 6576954.694268], [151579.128553, 6576947.337732]]"
50,50,135,1068.486,263.72534,28.01276,623266703679908,623267202697773,59.30781251376407,18.027677822550853,1682337304.4957306,1682337304.9947486,151576.5699181405,6576959.045545616,"[151576.5699181405, 6576959.045545616]","[7407, 7678, 7678, 13843, 13843]",13843,"[{7407: [12.327799434813551], 7678: [7.850701215346257], 13843: [2.625274858767596]}]","[[151574.473349, 6576963.887167], [151589.196784, 6576952.894341]]"
62,62,164,1105.4829,516.77277,27.97262,623323393063327,623325222795515,59.31008392998701,18.02832862385977,1682337361.185114,1682337363.0148463,151613.532942002,6577212.097930492,"[151613.532942002, 6577212.097930492]","[12627, 12627, 12627, 13056, 13056, 13057, 13057]",12627,"[{12627: [8.468455182672272], 13056: [13.029212927893788], 13057: [13.029212927893788]}]","[[151621.575033, 6577224.440175], [151621.497496, 6577224.339023], [151617.336916, 6577219.663941]]"
63,63,170,1119.4915,521.5091,27.66685,623326220831192,623327085466107,59.31012640936387,18.028574595850497,1682337364.012882,1682337364.877517,151627.54090803658,6577216.836135937,"[151627.54090803658, 6577216.836135937]","[12627, 12627, 12627, 13056, 13056, 13056, 13057, 13057, 13057]",12627,"[{12627: [9.509301051020929], 13056: [9.857069019933334], 13057: [9.857069019933334]}]","[[151621.575033, 6577224.440175], [151621.497496, 6577224.339023], [151617.336916, 6577219.663941]]"
64,64,169,1113.4246,526.7876,27.879118,623326220831192,623327418059208,59.3101738084807,18.02846810700729,1682337364.012882,1682337365.21011,151621.47330132563,6577222.113823771,"[151621.47330132563, 6577222.113823771]","[12627, 12627, 12627, 13056, 13056, 13056, 13057, 13057, 13057]",12627,"[{12627: [1.4679381659715491], 13056: [1.8156457878833367], 13057: [1.8156457878833367]}]","[[151621.575033, 6577224.440175], [151621.497496, 6577224.339023], [151617.336916, 6577219.663941]]"
65,65,168,1117.9248,530.33356,27.691734,623326054491921,623328250089980,59.31020562734385,18.02854713507534,1682337363.8465428,1682337366.0421407,151625.97302664485,6577225.660386264,"[151625.97302664485, 6577225.660386264]","[12627, 12627, 12627, 13056, 13056, 13056, 13056, 13057, 13057, 13057, 13057, 13058, 13059]",13056,"[{12627: [4.5641279156638745], 13056: [3.2556652388727967], 13057: [3.2556652388727967], 13058: [19.912707908245242], 13059: [19.912707908245242]}]","[[151635.219619, 6577243.269942], [151627.19817, 6577232.358338], [151621.224194, 6577224.564872], [151620.128939, 6577223.334176]]"
66,66,174,1131.4293,548.41046,27.208172,623329580964139,623330578999869,59.31036786089669,18.028784327577267,1682337367.373015,1682337368.3710506,151639.4751066986,6577243.739094338,"[151639.4751066986, 6577243.739094338]","[13056, 13056, 13057, 13057, 13058, 13059]",13058,"[{13056: [4.281270777456827], 13057: [4.281270777456827], 13058: [3.1408081739593583], 13059: [3.1408081739593583]}]","[[151678.53371, 6577301.765075], [151677.727599, 6577300.671423], [151635.23351, 6577243.288755]]"
67,67,176,1139.3766,552.58136,27.71049,623331743453059,623332741488736,59.31040528014015,18.02892388060417,1682337369.535504,1682337370.5335395,151647.4218483823,6577247.911058325,"[151647.4218483823, 6577247.911058325]","[13056, 13057, 13058, 13059, 13400]",13058,"[{13056: [13.055051231122823], 13057: [13.055051231122823], 13058: [7.04459344790798], 13059: [7.04459344790798], 13400: [13.938956529920702]}]","[[151678.53371, 6577301.765075], [151677.727599, 6577300.671423], [151635.23351, 6577243.288755]]"
68,68,187,1158.1353,576.33594,27.63515,623336234841490,623337066537948,59.310618465019424,18.029253355437216,1682337374.0268924,1682337374.8585887,151666.17736837428,6577271.668149867,"[151666.17736837428, 6577271.668149867]",[13400],13400,,"[[151655.255546, 6577271.330406], [151648.218094, 6577261.827254]]"
69,69,189,1163.981,589.7094,27.160522,623337565555813,623338397252219,59.31073849743816,18.02935606138303,1682337375.3576066,1682337376.1893032,151672.0212780368,6577285.042392583,"[151672.0212780368, 6577285.042392583]","[13058, 13058, 13059, 13059, 13097, 13098]",13058,"[{13058: [4.717708242555801], 13059: [4.717708242555801], 13097: [17.9763610070805], 13098: [17.9763610070805]}]","[[151678.53371, 6577301.765075], [151677.727599, 6577300.671423], [151635.23351, 6577243.288755]]"
70,70,190,1167.5668,594.4102,27.12243,623338397252219,623339228948625,59.31078068484646,18.02941904348448,1682337376.1893032,1682337377.0209994,151675.60644874204,6577289.743672675,"[151675.60644874204, 6577289.743672675]","[13058, 13058, 13059, 13059, 13097, 13098]",13058,"[{13058: [4.80128450421659], 13059: [4.80128450421659], 13097: [12.401655000444425], 13098: [12.401655000444425]}]","[[151678.53371, 6577301.765075], [151677.727599, 6577300.671423], [151635.23351, 6577243.288755]]"
71,71,191,1173.795,604.57886,27.099968,623338896270083,623340393323625,59.31087194779763,18.029528448770616,1682337376.6883209,1682337378.1853745,151681.83328745296,6577299.913166575,"[151681.83328745296, 6577299.913166575]","[13058, 13058, 13059, 13059, 13097, 13098]",13097,"[{13058: [3.7837516015522534], 13059: [3.7837516015522534], 13097: [3.7539426208372184], 13098: [3.7539426208372184]}]","[[151778.155545, 6577436.381809], [151732.266403, 6577374.372858], [151722.480372, 6577361.148815], [151717.76448, 6577354.775962], [151711.344427, 6577346.10189], [151678.552389, 6577301.790352]]"
72,72,193,1177.5057,609.0529,26.883118,623340892190779,623341424399465,59.31091209923552,18.02959362300604,1682337378.6842415,1682337379.2164502,151685.54338851728,6577304.3877033945,"[151685.54338851728, 6577304.3877033945]","[13058, 13058, 13059, 13059, 13097, 13098]",13097,"[{13058: [7.484234938290011], 13059: [7.484234938290011], 13097: [4.074477749929832], 13098: [4.074477749929832]}]","[[151778.155545, 6577436.381809], [151732.266403, 6577374.372858], [151722.480372, 6577361.148815], [151717.76448, 6577354.775962], [151711.344427, 6577346.10189], [151678.552389, 6577301.790352]]"
73,73,192,1181.0701,614.2829,26.923723,623340892190779,623342089756600,59.31095903701492,18.0296562328874,1682337378.6842415,1682337379.881807,151689.10708837438,6577309.618180627,"[151689.10708837438, 6577309.618180627]","[13058, 13058, 13059, 13059, 13097, 13098]",13097,"[{13058: [13.170709860781919], 13059: [13.170709860781919], 13097: [3.8276498977954274], 13098: [3.8276498977954274]}]","[[151778.155545, 6577436.381809], [151732.266403, 6577374.372858], [151722.480372, 6577361.148815], [151717.76448, 6577354.775962], [151711.344427, 6577346.10189], [151678.552389, 6577301.790352]]"
75,75,198,1197.8466,635.8652,26.980482,623345116644648,623345948341107,59.311152725913615,18.029950903240543,1682337382.9086957,1682337383.740392,151705.88069915745,6577331.2027268065,"[151705.88069915745, 6577331.2027268065]","[13097, 13098]",13097,"[{13097: [4.470846047757155], 13098: [4.470846047757155]}]","[[151778.155545, 6577436.381809], [151732.266403, 6577374.372858], [151722.480372, 6577361.148815], [151717.76448, 6577354.775962], [151711.344427, 6577346.10189], [151678.552389, 6577301.790352]]"
76,76,199,1205.4219,641.7448,27.027315,623347112883245,623347944579651,59.31120548331384,18.03008393891851,1682337384.9049342,1682337385.7366304,151713.45521208434,6577337.083341016,"[151713.45521208434, 6577337.083341016]","[13097, 13097, 13098, 13098]",13097,"[{13097: [7.0612718704574124], 13098: [7.0612718704574124]}]","[[151778.155545, 6577436.381809], [151732.266403, 6577374.372858], [151722.480372, 6577361.148815], [151717.76448, 6577354.775962], [151711.344427, 6577346.10189], [151678.552389, 6577301.790352]]"
77,77,203,1219.853,651.20856,27.11044,623349275456192,623349774553410,59.31129039449088,18.0303373659174,1682337387.067507,1682337387.566604,151727.88504523895,6577346.549033099,"[151727.88504523895, 6577346.549033099]","[13097, 13097, 13097, 13098, 13098, 13098]",13097,"[{13097: [13.029549801682949], 13098: [13.029549801682949]}]","[[151778.155545, 6577436.381809], [151732.266403, 6577374.372858], [151722.480372, 6577361.148815], [151717.76448, 6577354.775962], [151711.344427, 6577346.10189], [151678.552389, 6577301.790352]]"
78,78,202,1215.8136,662.51764,26.551805,623349109036386,623350473256600,59.31139192343467,18.03026650771885,1682337386.9010873,1682337388.2653074,151723.84413117368,6577357.857572415,"[151723.84413117368, 6577357.857572415]","[13097, 13097, 13097, 13097, 13098, 13098, 13098, 13098]",13097,"[{13097: [3.054312411792122], 13098: [3.054312411792122]}]","[[151778.155545, 6577436.381809], [151732.266403, 6577374.372858], [151722.480372, 6577361.148815], [151717.76448, 6577354.775962], [151711.344427, 6577346.10189], [151678.552389, 6577301.790352]]"
79,79,210,1236.0721,691.96893,26.111986,623354332328059,623354997685194,59.31165623769815,18.030622366078845,1682337392.124379,1682337392.789736,151744.09868850367,6577387.311574852,"[151744.09868850367, 6577387.311574852]","[13097, 13098]",13097,"[{13097: [1.81432742526589], 13098: [1.81432742526589]}]","[[151778.155545, 6577436.381809], [151732.266403, 6577374.372858], [151722.480372, 6577361.148815], [151717.76448, 6577354.775962], [151711.344427, 6577346.10189], [151678.552389, 6577301.790352]]"
81,81,218,1259.8063,724.493,25.701204,623358490810194,623359655027650,59.31194812380877,18.031039273647664,1682337396.282861,1682337397.4470785,151767.82853448484,6577419.8388226535,"[151767.82853448484, 6577419.8388226535]","[13097, 13098, 13399]",13097,"[{13097: [1.5397072274851444], 13098: [1.5397072274851444], 13399: [19.428007938216084]}]","[[151778.155545, 6577436.381809], [151732.266403, 6577374.372858], [151722.480372, 6577361.148815], [151717.76448, 6577354.775962], [151711.344427, 6577346.10189], [151678.552389, 6577301.790352]]"
82,82,219,1264.8625,728.3623,26.04193,623359655027650,623360985741921,59.31198284194005,18.031128072300664,1682337397.4470785,1682337398.7777927,151772.88421652096,6577423.708799602,"[151772.88421652096, 6577423.708799602]","[13097, 13098, 13399, 13399]",13097,"[{13097: [3.30148666160597], 13098: [3.30148666160597], 13399: [13.592286310553133]}]","[[151778.155545, 6577436.381809], [151732.266403, 6577374.372858], [151722.480372, 6577361.148815], [151717.76448, 6577354.775962], [151711.344427, 6577346.10189], [151678.552389, 6577301.790352]]"
86,86,232,1230.1256,692.5092,24.668976,623393089755676,623394753428523,59.31166110484186,18.030517962285167,1682337430.8818066,1682337432.5454793,151738.1521161168,6577387.851048757,"[151738.1521161168, 6577387.851048757]","[13097, 13098]",13097,"[{13097: [3.2865972743989094], 13098: [3.2865972743989094]}]","[[151778.155545, 6577436.381809], [151732.266403, 6577374.372858], [151722.480372, 6577361.148815], [151717.76448, 6577354.775962], [151711.344427, 6577346.10189], [151678.552389, 6577301.790352]]"
87,87,237,1226.6841,688.1374,24.653452,623394420749929,623395585124929,59.31162187085952,18.030457512635557,1682337432.2128007,1682337433.3771758,151734.71120137034,6577383.4787879735,"[151734.71120137034, 6577383.4787879735]","[13097, 13098]",13097,"[{13097: [3.451593719909888], 13098: [3.451593719909888]}]","[[151778.155545, 6577436.381809], [151732.266403, 6577374.372858], [151722.480372, 6577361.148815], [151717.76448, 6577354.775962], [151711.344427, 6577346.10189], [151678.552389, 6577301.790352]]"
88,88,239,1217.7378,694.1295,24.722605,623394753428523,623395917803523,59.31167568552376,18.030300470095284,1682337432.5454793,1682337433.7098544,151725.76409907796,6577389.469690321,"[151725.76409907796, 6577389.469690321]","[13097, 13098]",13097,"[{13097: [14.20728245576893], 13098: [14.20728245576893]}]","[[151778.155545, 6577436.381809], [151732.266403, 6577374.372858], [151722.480372, 6577361.148815], [151717.76448, 6577354.775962], [151711.344427, 6577346.10189], [151678.552389, 6577301.790352]]"
89,89,240,1221.3204,683.3479,24.55172,623395086107065,623397082178523,59.31157889287292,18.03036331142493,1682337432.878158,1682337434.8742294,151729.34814252556,6577378.688569851,"[151729.34814252556, 6577378.688569851]","[13097, 13097, 13098, 13098]",13097,"[{13097: [4.913032224455351], 13098: [4.913032224455351]}]","[[151778.155545, 6577436.381809], [151732.266403, 6577374.372858], [151722.480372, 6577361.148815], [151717.76448, 6577354.775962], [151711.344427, 6577346.10189], [151678.552389, 6577301.790352]]"
90,90,252,1212.6343,669.64355,24.410341,623398246553523,623399244589252,59.31145589914779,18.030210726934104,1682337436.0386045,1682337437.0366402,151720.6638771467,6577364.983056848,"[151720.6638771467, 6577364.983056848]","[13097, 13097, 13097, 13098, 13098, 13098]",13097,"[{13097: [3.740754477885651], 13098: [3.740754477885651]}]","[[151778.155545, 6577436.381809], [151732.266403, 6577374.372858], [151722.480372, 6577361.148815], [151717.76448, 6577354.775962], [151711.344427, 6577346.10189], [151678.552389, 6577301.790352]]"
91,91,259,1200.2714,666.17487,24.372614,623399577267794,623401273928523,59.31142479741065,18.029993644845803,1682337437.3693187,1682337439.0659792,151708.30144141015,6577361.512721703,"[151708.30144141015, 6577361.512721703]","[13097, 13097, 13097, 13098, 13098, 13098]",13097,"[{13097: [11.613626960077951], 13098: [11.613626960077951]}]","[[151778.155545, 6577436.381809], [151732.266403, 6577374.372858], [151722.480372, 6577361.148815], [151717.76448, 6577354.775962], [151711.344427, 6577346.10189], [151678.552389, 6577301.790352]]"
92,92,264,1199.5035,644.2955,23.953255,623402804249929,623404134895801,59.31122839681201,18.029980040951745,1682337440.5963008,1682337441.9269466,151707.53647055,6577339.633248702,"[151707.53647055, 6577339.633248702]","[13097, 13097, 13098, 13098]",13097,"[{13097: [0.786783370447656], 13098: [0.786783370447656]}]","[[151778.155545, 6577436.381809], [151732.266403, 6577374.372858], [151722.480372, 6577361.148815], [151717.76448, 6577354.775962], [151711.344427, 6577346.10189], [151678.552389, 6577301.790352]]"
93,93,269,1194.8058,653.4908,24.328865,623403802285658,623404301165601,59.311310952824975,18.029897612008003,1682337441.5943365,1682337442.0932164,151702.8375394677,6577348.827919871,"[151702.8375394677, 6577348.827919871]","[13097, 13097, 13098, 13098]",13097,"[{13097: [8.459921007602198], 13098: [8.459921007602198]}]","[[151778.155545, 6577436.381809], [151732.266403, 6577374.372858], [151722.480372, 6577361.148815], [151717.76448, 6577354.775962], [151711.344427, 6577346.10189], [151678.552389, 6577301.790352]]"
94,94,268,1197.5814,648.7235,24.04838,623403635946387,623404633773690,59.3112681507329,18.029946318253675,1682337441.427997,1682337442.4258246,151705.61377772503,6577344.060991417,"[151705.61377772503, 6577344.060991417]","[13097, 13097, 13098, 13098]",13097,"[{13097: [3.392632987094519], 13098: [3.392632987094519]}]","[[151778.155545, 6577436.381809], [151732.266403, 6577374.372858], [151722.480372, 6577361.148815], [151717.76448, 6577354.775962], [151711.344427, 6577346.10189], [151678.552389, 6577301.790352]]"
95,95,271,1187.1721,648.7573,23.621437,623404301165601,623404800112960,59.31126848350309,18.029763557144133,1682337442.0932164,1682337442.5921638,151695.2044731058,6577344.09339785,"[151695.2044731058, 6577344.09339785]","[13097, 13098]",13097,"[{13097: [11.779182769326848], 13098: [11.779182769326848]}]","[[151778.155545, 6577436.381809], [151732.266403, 6577374.372858], [151722.480372, 6577361.148815], [151717.76448, 6577354.775962], [151711.344427, 6577346.10189], [151678.552389, 6577301.790352]]"
96,96,260,1198.4779,650.24835,24.087357,623401273928523,623404800112960,59.31128183619054,18.02996206700872,1682337439.0659792,1682337442.5921638,151706.51007359097,6577345.585961453,"[151706.51007359097, 6577345.585961453]","[13097, 13097, 13098, 13098]",13097,"[{13097: [3.5793168329278227], 13098: [3.5793168329278227]}]","[[151778.155545, 6577436.381809], [151732.266403, 6577374.372858], [151722.480372, 6577361.148815], [151717.76448, 6577354.775962], [151711.344427, 6577346.10189], [151678.552389, 6577301.790352]]"
97,97,270,1190.5898,648.8122,24.12812,623404134895801,623405631591490,59.3112689667078,18.02982356371831,1682337441.9269466,1682337443.4236424,151698.62216578674,6577344.148755402,"[151698.62216578674, 6577344.148755402]","[13097, 13098]",13097,"[{13097: [9.064881881365068], 13098: [9.064881881365068]}]","[[151778.155545, 6577436.381809], [151732.266403, 6577374.372858], [151722.480372, 6577361.148815], [151717.76448, 6577354.775962], [151711.344427, 6577346.10189], [151678.552389, 6577301.790352]]"
98,98,272,1194.9923,646.2654,24.110897,623404800112960,623405797930813,59.311246092631166,18.029900846537167,1682337442.5921638,1682337443.5899816,151703.0250067848,6577341.602544774,"[151703.0250067848, 6577341.602544774]","[13097, 13097, 13098, 13098]",13097,"[{13097: [4.011113279901822], 13098: [4.011113279901822]}]","[[151778.155545, 6577436.381809], [151732.266403, 6577374.372858], [151722.480372, 6577361.148815], [151717.76448, 6577354.775962], [151711.344427, 6577346.10189], [151678.552389, 6577301.790352]]"
99,99,284,1189.8986,638.0434,23.992262,623406795966490,623407461323625,59.31117230123273,18.02981136868718,1682337444.5880172,1682337445.2533746,151697.93240747467,6577333.379862771,"[151697.93240747467, 6577333.379862771]","[13097, 13098]",13097,"[{13097: [3.2132996188300087], 13098: [3.2132996188300087]}]","[[151778.155545, 6577436.381809], [151732.266403, 6577374.372858], [151722.480372, 6577361.148815], [151717.76448, 6577354.775962], [151711.344427, 6577346.10189], [151678.552389, 6577301.790352]]"
103,103,296,1171.7008,623.3911,23.906654,623409623659556,623411287052421,59.31104082393684,18.02949178226201,1682337447.4157104,1682337449.0791032,151679.7365689158,6577318.725126378,"[151679.7365689158, 6577318.725126378]","[13058, 13058, 13059, 13059, 13097, 13098]",13097,"[{13058: [17.00265309661209], 13059: [17.00265309661209], 13097: [9.122015167701331], 13098: [9.122015167701331]}]","[[151778.155545, 6577436.381809], [151732.266403, 6577374.372858], [151722.480372, 6577361.148815], [151717.76448, 6577354.775962], [151711.344427, 6577346.10189], [151678.552389, 6577301.790352]]"
104,104,301,1178.754,619.45575,23.741297,623410788034556,623411952409556,59.311005478187816,18.029615596539507,1682337448.5800853,1682337449.7444603,151686.79029582988,6577314.7907206025,"[151686.79029582988, 6577314.7907206025]","[13058, 13058, 13059, 13059, 13097, 13098]",13097,"[{13058: [15.422018445331497], 13059: [15.422018445331497], 13097: [1.1116073465846334], 13098: [1.1116073465846334]}]","[[151778.155545, 6577436.381809], [151732.266403, 6577374.372858], [151722.480372, 6577361.148815], [151717.76448, 6577354.775962], [151711.344427, 6577346.10189], [151678.552389, 6577301.790352]]"
105,105,309,1168.7429,604.89954,23.712505,623414148088150,623414813445285,59.31087484041764,18.029439749285324,1682337451.940139,1682337452.6054962,151676.781144477,6577300.233170221,"[151676.781144477, 6577300.233170221]","[13058, 13058, 13059, 13059, 13097, 13098]",13058,"[{13058: [0.49684629895895505], 13059: [0.49684629895895505], 13097: [2.358415199667583], 13098: [2.358415199667583]}]","[[151678.53371, 6577301.765075], [151677.727599, 6577300.671423], [151635.23351, 6577243.288755]]"
106,106,313,1156.5652,603.8502,23.955992,623415312463150,623416476838150,59.31086545438272,18.02922593615825,1682337453.104514,1682337454.268889,151664.6035848531,6577299.182199904,"[151664.6035848531, 6577299.182199904]","[13058, 13058, 13059, 13059, 13097, 13098]",13058,"[{13058: [9.658038893189337], 13059: [9.658038893189337], 13097: [14.190545954448394], 13098: [14.190545954448394]}]","[[151678.53371, 6577301.765075], [151677.727599, 6577300.671423], [151635.23351, 6577243.288755]]"
107,107,317,1159.5365,603.51715,24.191662,623415811481015,623417142195285,59.31086245657995,18.029278102357715,1682337453.6035318,1682337454.934246,151667.5749294664,6577298.849547688,"[151667.5749294664, 6577298.849547688]","[13058, 13058, 13059, 13059, 13097, 13098]",13058,"[{13058: [7.072131306091665], 13059: [7.072131306091665], 13097: [11.364547849026955], 13098: [11.364547849026955]}]","[[151678.53371, 6577301.765075], [151677.727599, 6577300.671423], [151635.23351, 6577243.288755]]"
108,108,319,1160.963,597.54865,23.974571,623416643177421,623417474873827,59.31080887570737,18.02930311577584,1682337454.4352283,1682337455.2669246,151669.00222852034,6577292.881238612,"[151669.00222852034, 6577292.881238612]","[13058, 13058, 13059, 13059, 13097, 13098]",13058,"[{13058: [2.373392506585615], 13059: [2.373392506585615], 13097: [13.060546180756472], 13098: [13.060546180756472]}]","[[151678.53371, 6577301.765075], [151677.727599, 6577300.671423], [151635.23351, 6577243.288755]]"
109,109,323,1155.055,589.8729,23.993124,623418140231015,623418972075921,59.31073998959789,18.02919934643897,1682337455.932282,1682337456.7641268,151663.09525607078,6577285.204697602,"[151663.09525607078, 6577285.204697602]",[13400],13400,,"[[151655.255546, 6577271.330406], [151648.218094, 6577261.827254]]"
110,110,325,1153.5857,588.5638,24.120558,623418972075921,623419637433056,59.31072824231621,18.029173542615727,1682337456.7641268,1682337457.429484,151661.6261313155,6577283.895400889,"[151661.6261313155, 6577283.895400889]",[13400],13400,,"[[151655.255546, 6577271.330406], [151648.218094, 6577261.827254]]"
111,111,330,1146.8854,587.46344,24.131319,623419803772327,623420302716490,59.31071838303278,18.029055898117065,1682337457.595823,1682337458.094767,151654.92597857048,6577282.794143869,"[151654.92597857048, 6577282.794143869]",[13400],13400,,"[[151655.255546, 6577271.330406], [151648.218094, 6577261.827254]]"
112,112,332,1149.3043,581.2266,23.901436,623420136450921,623420967998827,59.310662390718505,18.02909833410757,1682337457.9285018,1682337458.7600496,151657.34571355587,6577276.557627647,"[151657.34571355587, 6577276.557627647]","[13400, 13400]",13400,[{13400: [5.6296222396694455]}],"[[151655.255546, 6577271.330406], [151648.218094, 6577261.827254]]"
113,113,327,1139.8535,580.44354,23.814104,623419471093785,623421467016692,59.31065538707383,18.02893240049736,1682337457.2631447,1682337459.2590675,151647.89501830895,6577275.773302405,"[151647.89501830895, 6577275.773302405]","[13400, 13400]",13400,[{13400: [8.559245056573111]}],"[[151655.255546, 6577271.330406], [151648.218094, 6577261.827254]]"
114,114,336,1143.0153,569.0586,23.705103,623421633356015,623422631391692,59.31055318025103,18.02898785259967,1682337459.425407,1682337460.4234426,151651.058342507,6577264.388785599,"[151651.058342507, 6577264.388785599]","[13400, 13400]",13400,[{13400: [0.758097016577256]}],"[[151655.255546, 6577271.330406], [151648.218094, 6577261.827254]]"
115,115,347,1110.5854,531.9141,23.714605,623430981547914,623432478677421,59.310219834596914,18.028418285691554,1682337468.773599,1682337470.2707283,151618.6334149898,6577227.239943713,"[151618.6334149898, 6577227.239943713]","[12627, 12627, 12627, 13056, 13056, 13056, 13057, 13057, 13057]",13056,"[{12627: [4.061012357271407], 13056: [3.5497403365502156], 13057: [3.5497403365502156]}]","[[151635.219619, 6577243.269942], [151627.19817, 6577232.358338], [151621.224194, 6577224.564872], [151620.128939, 6577223.334176]]"
116,116,346,1116.2751,534.20233,23.762953,623430482453059,623433143222495,59.3102403601853,18.028518191348887,1682337468.274504,1682337470.9352734,151624.32280869756,6577229.528935441,"[151624.32280869756, 6577229.528935441]","[12627, 12627, 12627, 13056, 13056, 13056, 13056, 13057, 13057, 13057, 13057, 13058, 13059]",13056,"[{12627: [5.783230421805072], 13056: [0.3949534775819217], 13057: [0.3949534775819217], 13058: [17.560638860879934], 13059: [17.560638860879934]}]","[[151635.219619, 6577243.269942], [151627.19817, 6577232.358338], [151621.224194, 6577224.564872], [151620.128939, 6577223.334176]]"
117,117,345,1119.525,528.09985,23.3551,623430116428410,623433970829528,59.310185571941,18.028575218143075,1682337467.9084792,1682337471.7628803,151627.57352569705,6577223.426890475,"[151627.57352569705, 6577223.426890475]","[12627, 12627, 12627, 13056, 13056, 13056, 13057, 13057, 13057]",13056,"[{12627: [6.083474349824336], 13056: [5.87980804954968], 13057: [5.87980804954968]}]","[[151635.219619, 6577243.269942], [151627.19817, 6577232.358338], [151621.224194, 6577224.564872], [151620.128939, 6577223.334176]]"
118,118,354,1141.232,563.0448,23.437368,623439830401057,623441826714139,59.31049920146781,18.02895651121261,1682337477.6224518,1682337479.6187649,151649.2758475954,6577258.374746806,"[151649.2758475954, 6577258.374746806]","[13400, 13400]",13400,[{13400: [3.6109068935747515]}],"[[151655.255546, 6577271.330406], [151648.218094, 6577261.827254]]"
119,119,355,1146.5088,562.65344,24.109114,623442658641692,623443490486650,59.31049567409975,18.029049154467117,1682337480.4506924,1682337481.2825377,151654.55270003417,6577257.9840932395,"[151654.55270003417, 6577257.9840932395]","[13400, 13400]",13400,[{13400: [7.37786236575188]}],"[[151655.255546, 6577271.330406], [151648.218094, 6577261.827254]]"
120,120,358,1154.4312,580.60406,23.55788,623443823165192,623445154023690,59.31065678844394,18.02918834473408,1682337481.615216,1682337482.9460745,151662.4726969428,6577275.935774014,"[151662.4726969428, 6577275.935774014]",[13400],13400,,"[[151655.255546, 6577271.330406], [151648.218094, 6577261.827254]]"
121,121,360,1157.913,583.7263,23.610022,623444987684367,623445653041502,59.310684806084886,18.029249492070527,1682337482.779735,1682337483.4450924,151665.9540789793,6577279.058480169,"[151665.9540789793, 6577279.058480169]",[13400],13400,,"[[151655.255546, 6577271.330406], [151648.218094, 6577261.827254]]"
122,122,362,1160.5396,585.82263,23.637062,623445653041502,623446351666502,59.31070361684102,18.02929561906897,1682337483.4450924,1682337484.1437173,151668.58039835302,6577281.155161827,"[151668.58039835302, 6577281.155161827]",[13400],13400,,"[[151655.255546, 6577271.330406], [151648.218094, 6577261.827254]]"
123,123,363,1165.3298,595.47656,23.292025,623446518005825,623447016879515,59.31079026332757,18.029379773665983,1682337484.3100567,1682337484.8089304,151673.3693059621,6577290.809733203,"[151673.3693059621, 6577290.809733203]","[13058, 13058, 13059, 13059, 13097, 13098]",13058,"[{13058: [2.368981982227382], 13059: [2.368981982227382], 13097: [12.142418990801074], 13098: [12.142418990801074]}]","[[151678.53371, 6577301.765075], [151677.727599, 6577300.671423], [151635.23351, 6577243.288755]]"
124,124,365,1168.5481,597.33356,23.580965,623447016879515,623447515672914,59.31080692402759,18.029436288218616,1682337484.8089304,1682337485.3077238,151676.5873573818,6577292.667164074,"[151676.5873573818, 6577292.667164074]","[13058, 13058, 13059, 13059, 13097, 13098]",13058,"[{13058: [3.8498631529618295], 13059: [3.8498631529618295], 13097: [9.332411649061093], 13098: [9.332411649061093]}]","[[151678.53371, 6577301.765075], [151677.727599, 6577300.671423], [151635.23351, 6577243.288755]]"
125,125,364,1168.903,595.0677,23.56013,623447016879515,623447848351508,59.310786583281775,18.02944250703745,1682337484.8089304,1682337485.6404023,151676.9425607299,6577290.401351568,"[151676.9425607299, 6577290.401351568]","[13058, 13058, 13059, 13059, 13097, 13098]",13058,"[{13058: [5.483686247431113], 13059: [5.483686247431113], 13097: [11.502211869504897], 13098: [11.502211869504897]}]","[[151678.53371, 6577301.765075], [151677.727599, 6577300.671423], [151635.23351, 6577243.288755]]"
126,126,371,1182.7017,619.70337,23.246376,623449678083643,623450509780102,59.31100768995246,18.029684909106777,1682337487.4701345,1682337488.301831,151690.73796271463,6577315.038869109,"[151690.73796271463, 6577315.038869109]","[13058, 13058, 13059, 13059, 13097, 13098]",13097,"[{13058: [18.031566608893936], 13059: [18.031566608893936], 13097: [1.9140162946308106], 13098: [1.9140162946308106]}]","[[151778.155545, 6577436.381809], [151732.266403, 6577374.372858], [151722.480372, 6577361.148815], [151717.76448, 6577354.775962], [151711.344427, 6577346.10189], [151678.552389, 6577301.790352]]"
128,128,378,1196.4419,639.41846,23.215658,623452671541344,623453570107792,59.311184626155125,18.02992625997196,1682337490.4635923,1682337491.3621583,151704.4755234451,6577334.755798779,"[151704.4755234451, 6577334.755798779]","[13097, 13098]",13097,"[{13097: [1.227733796189241], 13098: [1.227733796189241]}]","[[151778.155545, 6577436.381809], [151732.266403, 6577374.372858], [151722.480372, 6577361.148815], [151717.76448, 6577354.775962], [151711.344427, 6577346.10189], [151678.552389, 6577301.790352]]"
129,129,386,1223.2535,678.8709,23.189554,623458227922914,623459558637237,59.31153869895988,18.030397226800595,1682337496.0199738,1682337497.350688,151731.28184191303,6577374.211828607,"[151731.28184191303, 6577374.211828607]","[13097, 13097, 13098, 13098]",13097,"[{13097: [0.6956210351494865], 13098: [0.6956210351494865]}]","[[151778.155545, 6577436.381809], [151732.266403, 6577374.372858], [151722.480372, 6577361.148815], [151717.76448, 6577354.775962], [151711.344427, 6577346.10189], [151678.552389, 6577301.790352]]"
130,130,388,1235.4004,694.4187,22.67425,623460223994372,623462220065779,59.31167823031346,18.030610586574166,1682337498.016045,1682337500.012117,151743.4266605281,6577389.761254952,"[151743.4266605281, 6577389.761254952]","[13097, 13098]",13097,"[{13097: [0.18309316366355158], 13098: [0.18309316366355158]}]","[[151778.155545, 6577436.381809], [151732.266403, 6577374.372858], [151722.480372, 6577361.148815], [151717.76448, 6577354.775962], [151711.344427, 6577346.10189], [151678.552389, 6577301.790352]]"
133,133,396,1260.0153,724.5294,22.208197,623465879530102,623467043828059,59.31194844993477,18.03104294345081,1682337503.671581,1682337504.8358788,151768.03752961382,6577419.875250632,"[151768.03752961382, 6577419.875250632]","[13097, 13098, 13399]",13097,"[{13097: [1.686033301271572], 13098: [1.686033301271572], 13399: [19.2840093407182]}]","[[151778.155545, 6577436.381809], [151732.266403, 6577374.372858], [151722.480372, 6577361.148815], [151717.76448, 6577354.775962], [151711.344427, 6577346.10189], [151678.552389, 6577301.790352]]"
134,134,397,1266.4469,732.20776,22.150661,623467043828059,623468540803410,59.31201735642349,18.031155913522472,1682337504.8358788,1682337506.3328545,151774.46810171407,6577427.55447176,"[151774.46810171407, 6577427.55447176]","[13097, 13098, 13399, 13399]",13097,"[{13097: [2.2870026872756872], 13098: [2.2870026872756872], 13399: [9.435914355501922]}]","[[151778.155545, 6577436.381809], [151732.266403, 6577374.372858], [151722.480372, 6577361.148815], [151717.76448, 6577354.775962], [151711.344427, 6577346.10189], [151678.552389, 6577301.790352]]"
163,163,571,1135.4396,838.29565,22.414389,623585377595871,623587040668922,59.31297003905934,18.028856259491413,1682337623.1696467,1682337624.8327198,151643.4465976015,6577533.624823637,"[151643.4465976015, 6577533.624823637]","[14173, 14173, 14173, 14173, 14173, 14173, 14173, 14173, 14173, 14173, 14173, 14173, 14173, 14173, 14206, 14206, 14206, 14206, 14206, 14206, 14206, 14206, 14206, 14206, 14206, 14206, 14206, 14206]",14173,"[{14173: [17.15386711225801], 14206: [17.15386711225801]}]","[[151663.763742, 6577568.67052], [151662.733255, 6577559.780795], [151661.374262, 6577548.05486], [151661.345157, 6577547.838781], [151660.564157, 6577542.753781], [151660.474449, 6577542.292948], [151660.348326, 6577541.840724], [151660.186589, 6577541.39998], [151658.072589, 6577536.27998], [151657.820375, 6577535.746565], [151657.516062, 6577535.241058], [151654.722062, 6577531.086058], [151654.57819, 6577530.88161], [151648.55019, 6577522.69061], [151648.442435, 6577522.548736], [151645.349435, 6577518.601736], [151645.076805, 6577518.278442], [151641.287805, 6577514.099442], [151640.831465, 6577513.648182], [151637.087465, 6577510.329182], [151636.805974, 6577510.094861], [151636.510466, 6577509.878488], [151635.360435, 6577509.090152], [151632.373404, 6577507.040817], [151632.057337, 6577506.838469], [151631.729027, 6577506.656659], [151626.671027, 6577504.062659], [151626.267717, 6577503.874708], [151625.851371, 6577503.717737], [151621.109371, 6577502.131737], [151620.468032, 6577501.956791], [151615.538032, 6577500.906791], [151615.397697, 6577500.878679], [151605.440697, 6577499.009679], [151605.322001, 6577498.988654], [151600.565266, 6577498.196185], [151571.672403, 6577491.235866], [151552.245199, 6577486.362587], [151552.165997, 6577486.343301], [151543.355101, 6577484.26227], [151541.064242, 6577483.250184]]"
164,164,572,1134.189,835.015,22.60174,623587539519648,623588038365360,59.31294059327733,18.02883428376581,1682337625.3315704,1682337625.8304162,151642.19643680216,6577530.344006181,"[151642.19643680216, 6577530.344006181]","[14173, 14173, 14173, 14173, 14173, 14173, 14173, 14173, 14173, 14173, 14173, 14206, 14206, 14206, 14206, 14206, 14206, 14206, 14206, 14206, 14206, 14206]",14173,"[{14173: [19.132163055948613], 14206: [19.132163055948613]}]","[[151663.763742, 6577568.67052], [151662.733255, 6577559.780795], [151661.374262, 6577548.05486], [151661.345157, 6577547.838781], [151660.564157, 6577542.753781], [151660.474449, 6577542.292948], [151660.348326, 6577541.840724], [151660.186589, 6577541.39998], [151658.072589, 6577536.27998], [151657.820375, 6577535.746565], [151657.516062, 6577535.241058], [151654.722062, 6577531.086058], [151654.57819, 6577530.88161], [151648.55019, 6577522.69061], [151648.442435, 6577522.548736], [151645.349435, 6577518.601736], [151645.076805, 6577518.278442], [151641.287805, 6577514.099442], [151640.831465, 6577513.648182], [151637.087465, 6577510.329182], [151636.805974, 6577510.094861], [151636.510466, 6577509.878488], [151635.360435, 6577509.090152], [151632.373404, 6577507.040817], [151632.057337, 6577506.838469], [151631.729027, 6577506.656659], [151626.671027, 6577504.062659], [151626.267717, 6577503.874708], [151625.851371, 6577503.717737], [151621.109371, 6577502.131737], [151620.468032, 6577501.956791], [151615.538032, 6577500.906791], [151615.397697, 6577500.878679], [151605.440697, 6577499.009679], [151605.322001, 6577498.988654], [151600.565266, 6577498.196185], [151571.672403, 6577491.235866], [151552.245199, 6577486.362587], [151552.165997, 6577486.343301], [151543.355101, 6577484.26227], [151541.064242, 6577483.250184]]"
165,165,574,1106.9076,813.40015,22.319841,623589701758224,623592729472515,59.31274663735721,18.02835515632516,1682337627.493809,1682337630.5215232,151614.917930359,6577508.725503591,"[151614.917930359, 6577508.725503591]","[14173, 14173, 14173, 14173, 14173, 14173, 14173, 14173, 14173, 14173, 14173, 14173, 14173, 14206, 14206, 14206, 14206, 14206, 14206, 14206, 14206, 14206, 14206, 14206, 14206, 14206, 15397, 15397, 15397, 15397, 15398, 15398, 15398, 15398]",15397,"[{14173: [21.288879339920076], 14206: [21.288879339920076], 15397: [3.547430624468908], 15398: [3.547430624468908]}]","[[151526.139, 6577492.788], [151532.973, 6577494.496], [151539.019, 6577496.073], [151548.875, 6577498.702], [151557.55, 6577500.805], [151569.115, 6577503.433], [151579.76, 6577506.062], [151591.589, 6577508.822], [151599.868, 6577510.793], [151605.52, 6577511.187], [151613.011, 6577512.239], [151616.165, 6577512.633]]"
166,166,580,1087.1229,809.7616,22.472383,623595423469678,623596088826813,59.312714026829845,18.028007753050478,1682337633.2155206,1682337633.8808775,151595.1337173291,6577505.084304804,"[151595.1337173291, 6577505.084304804]","[14173, 14173, 14173, 14206, 14206, 14206, 15397, 15397, 15397, 15397, 15397, 15398, 15398, 15398, 15398, 15398]",15397,"[{14173: [12.973443103519479], 14206: [12.973443103519479], 15397: [2.8443498191606618], 15398: [2.8443498191606618]}]","[[151526.139, 6577492.788], [151532.973, 6577494.496], [151539.019, 6577496.073], [151548.875, 6577498.702], [151557.55, 6577500.805], [151569.115, 6577503.433], [151579.76, 6577506.062], [151591.589, 6577508.822], [151599.868, 6577510.793], [151605.52, 6577511.187], [151613.011, 6577512.239], [151616.165, 6577512.633]]"
167,167,581,1081.6096,808.7416,22.356071,623595589809001,623596587844678,59.31270488482282,18.027910944065216,1682337633.3818598,1682337634.3798954,151589.62055384298,6577504.063566686,"[151589.62055384298, 6577504.063566686]","[14173, 14173, 14173, 14206, 14206, 14206, 15397, 15397, 15397, 15397, 15398, 15398, 15398, 15398]",15397,"[{14173: [10.66120079058114], 14206: [10.66120079058114], 15397: [2.6543480193921565], 15398: [2.6543480193921565]}]","[[151526.139, 6577492.788], [151532.973, 6577494.496], [151539.019, 6577496.073], [151548.875, 6577498.702], [151557.55, 6577500.805], [151569.115, 6577503.433], [151579.76, 6577506.062], [151591.589, 6577508.822], [151599.868, 6577510.793], [151605.52, 6577511.187], [151613.011, 6577512.239], [151616.165, 6577512.633]]"
168,168,582,1075.089,795.5052,22.35604,623595922487542,623597452809001,59.3125860833539,18.027796387947333,1682337633.7145383,1682337635.24486,151583.1017258685,6577490.826293611,"[151583.1017258685, 6577490.826293611]","[14173, 14173, 14206, 14206, 15397, 15397, 15397, 15398, 15398, 15398]",15397,"[{14173: [17.800527052704904], 14206: [17.800527052704904], 15397: [14.177976582483574], 15398: [14.177976582483574]}]","[[151526.139, 6577492.788], [151532.973, 6577494.496], [151539.019, 6577496.073], [151548.875, 6577498.702], [151557.55, 6577500.805], [151569.115, 6577503.433], [151579.76, 6577506.062], [151591.589, 6577508.822], [151599.868, 6577510.793], [151605.52, 6577511.187], [151613.011, 6577512.239], [151616.165, 6577512.633]]"
169,169,584,1068.4042,805.5675,22.479515,623597951826813,623598450844678,59.31267642572327,18.02767906476718,1682337635.7438776,1682337636.2428956,151576.4155786881,6577500.887698732,"[151576.4155786881, 6577500.887698732]","[14173, 14206, 15397, 15397, 15397, 15397, 15398, 15398, 15398, 15398]",15397,"[{14173: [5.7229373315201135], 14206: [5.7229373315201135], 15397: [2.913146654323427], 15398: [2.913146654323427]}]","[[151526.139, 6577492.788], [151532.973, 6577494.496], [151539.019, 6577496.073], [151548.875, 6577498.702], [151557.55, 6577500.805], [151569.115, 6577503.433], [151579.76, 6577506.062], [151591.589, 6577508.822], [151599.868, 6577510.793], [151605.52, 6577511.187], [151613.011, 6577512.239], [151616.165, 6577512.633]]"
170,170,586,1060.9387,804.76404,22.497662,623598617184001,623599116201813,59.312669232172965,18.027547979878182,1682337636.4092348,1682337636.9082527,151568.95018619864,6577500.0832392555,"[151568.95018619864, 6577500.0832392555]","[14173, 14206, 15397, 15397, 15397, 15398, 15398, 15398]",15397,"[{14173: [2.117781094560503], 14206: [2.117781094560503], 15397: [2.0916840835022725], 15398: [2.0916840835022725]}]","[[151526.139, 6577492.788], [151532.973, 6577494.496], [151539.019, 6577496.073], [151548.875, 6577498.702], [151557.55, 6577500.805], [151569.115, 6577503.433], [151579.76, 6577506.062], [151591.589, 6577508.822], [151599.868, 6577510.793], [151605.52, 6577511.187], [151613.011, 6577512.239], [151616.165, 6577512.633]]"
171,171,587,1060.4796,791.93646,22.582565,623598783523271,623599448880407,59.31255408504209,18.027539855952305,1682337636.5755742,1682337637.2409313,151568.49280353775,6577487.255597696,"[151568.49280353775, 6577487.255597696]","[14173, 14173, 14173, 14206, 14206, 14206, 15397, 15397, 15398, 15398]",14173,"[{14173: [12.384150109536023], 14206: [12.384150109536023], 15397: [14.520121269447309], 15398: [14.520121269447309]}]","[[151663.763742, 6577568.67052], [151662.733255, 6577559.780795], [151661.374262, 6577548.05486], [151661.345157, 6577547.838781], [151660.564157, 6577542.753781], [151660.474449, 6577542.292948], [151660.348326, 6577541.840724], [151660.186589, 6577541.39998], [151658.072589, 6577536.27998], [151657.820375, 6577535.746565], [151657.516062, 6577535.241058], [151654.722062, 6577531.086058], [151654.57819, 6577530.88161], [151648.55019, 6577522.69061], [151648.442435, 6577522.548736], [151645.349435, 6577518.601736], [151645.076805, 6577518.278442], [151641.287805, 6577514.099442], [151640.831465, 6577513.648182], [151637.087465, 6577510.329182], [151636.805974, 6577510.094861], [151636.510466, 6577509.878488], [151635.360435, 6577509.090152], [151632.373404, 6577507.040817], [151632.057337, 6577506.838469], [151631.729027, 6577506.656659], [151626.671027, 6577504.062659], [151626.267717, 6577503.874708], [151625.851371, 6577503.717737], [151621.109371, 6577502.131737], [151620.468032, 6577501.956791], [151615.538032, 6577500.906791], [151615.397697, 6577500.878679], [151605.440697, 6577499.009679], [151605.322001, 6577498.988654], [151600.565266, 6577498.196185], [151571.672403, 6577491.235866], [151552.245199, 6577486.362587], [151552.165997, 6577486.343301], [151543.355101, 6577484.26227], [151541.064242, 6577483.250184]]"
172,172,588,1060.9501,802.43866,22.716976,623598783523271,623599814826813,59.31264835809702,18.02754816862609,1682337636.5755742,1682337637.6068776,151568.96189751846,6577497.757860763,"[151568.96189751846, 6577497.757860763]","[14173, 14206, 15397, 15397, 15397, 15398, 15398, 15398]",14173,"[{14173: [4.032919745741063], 14206: [4.032919745741063], 15397: [4.365065081763636], 15398: [4.365065081763636]}]","[[151663.763742, 6577568.67052], [151662.733255, 6577559.780795], [151661.374262, 6577548.05486], [151661.345157, 6577547.838781], [151660.564157, 6577542.753781], [151660.474449, 6577542.292948], [151660.348326, 6577541.840724], [151660.186589, 6577541.39998], [151658.072589, 6577536.27998], [151657.820375, 6577535.746565], [151657.516062, 6577535.241058], [151654.722062, 6577531.086058], [151654.57819, 6577530.88161], [151648.55019, 6577522.69061], [151648.442435, 6577522.548736], [151645.349435, 6577518.601736], [151645.076805, 6577518.278442], [151641.287805, 6577514.099442], [151640.831465, 6577513.648182], [151637.087465, 6577510.329182], [151636.805974, 6577510.094861], [151636.510466, 6577509.878488], [151635.360435, 6577509.090152], [151632.373404, 6577507.040817], [151632.057337, 6577506.838469], [151631.729027, 6577506.656659], [151626.671027, 6577504.062659], [151626.267717, 6577503.874708], [151625.851371, 6577503.717737], [151621.109371, 6577502.131737], [151620.468032, 6577501.956791], [151615.538032, 6577500.906791], [151615.397697, 6577500.878679], [151605.440697, 6577499.009679], [151605.322001, 6577498.988654], [151600.565266, 6577498.196185], [151571.672403, 6577491.235866], [151552.245199, 6577486.362587], [151552.165997, 6577486.343301], [151543.355101, 6577484.26227], [151541.064242, 6577483.250184]]"
173,173,589,1043.4265,787.79224,22.66649,623600480184001,623601977329535,59.31251692640001,18.02724041481537,1682337638.272235,1682337639.7693803,151551.440258236,6577483.109094617,"[151551.440258236, 6577483.109094617]","[13442, 13442, 13442, 13442, 13442, 14173, 14173, 14173, 14173, 14206, 14206, 14206, 14206, 15397, 15397, 15397, 15398, 15398, 15398]",14173,"[{13442: [15.291706474867084], 14173: [6.044167461723326], 14206: [6.044167461723326], 15397: [14.898539027992166], 15398: [14.898539027992166]}]","[[151663.763742, 6577568.67052], [151662.733255, 6577559.780795], [151661.374262, 6577548.05486], [151661.345157, 6577547.838781], [151660.564157, 6577542.753781], [151660.474449, 6577542.292948], [151660.348326, 6577541.840724], [151660.186589, 6577541.39998], [151658.072589, 6577536.27998], [151657.820375, 6577535.746565], [151657.516062, 6577535.241058], [151654.722062, 6577531.086058], [151654.57819, 6577530.88161], [151648.55019, 6577522.69061], [151648.442435, 6577522.548736], [151645.349435, 6577518.601736], [151645.076805, 6577518.278442], [151641.287805, 6577514.099442], [151640.831465, 6577513.648182], [151637.087465, 6577510.329182], [151636.805974, 6577510.094861], [151636.510466, 6577509.878488], [151635.360435, 6577509.090152], [151632.373404, 6577507.040817], [151632.057337, 6577506.838469], [151631.729027, 6577506.656659], [151626.671027, 6577504.062659], [151626.267717, 6577503.874708], [151625.851371, 6577503.717737], [151621.109371, 6577502.131737], [151620.468032, 6577501.956791], [151615.538032, 6577500.906791], [151615.397697, 6577500.878679], [151605.440697, 6577499.009679], [151605.322001, 6577498.988654], [151600.565266, 6577498.196185], [151571.672403, 6577491.235866], [151552.245199, 6577486.362587], [151552.165997, 6577486.343301], [151543.355101, 6577484.26227], [151541.064242, 6577483.250184]]"
174,174,591,1038.9683,796.2008,23.359413,623601810990264,623603308043806,59.31259241781118,18.0271621775176,1682337639.6030412,1682337641.1000946,151546.9809324763,6577491.517057822,"[151546.9809324763, 6577491.517057822]","[13442, 13442, 13442, 13442, 13442, 14173, 14173, 14173, 14173, 14206, 14206, 14206, 14206, 15397, 15397, 15397, 15397, 15398, 15398, 15398, 15398]",14173,"[{13442: [6.054217417700711], 14173: [3.404133358014171], 14206: [3.404133358014171], 15397: [5.727749820413894], 15398: [5.727749820413894]}]","[[151663.763742, 6577568.67052], [151662.733255, 6577559.780795], [151661.374262, 6577548.05486], [151661.345157, 6577547.838781], [151660.564157, 6577542.753781], [151660.474449, 6577542.292948], [151660.348326, 6577541.840724], [151660.186589, 6577541.39998], [151658.072589, 6577536.27998], [151657.820375, 6577535.746565], [151657.516062, 6577535.241058], [151654.722062, 6577531.086058], [151654.57819, 6577530.88161], [151648.55019, 6577522.69061], [151648.442435, 6577522.548736], [151645.349435, 6577518.601736], [151645.076805, 6577518.278442], [151641.287805, 6577514.099442], [151640.831465, 6577513.648182], [151637.087465, 6577510.329182], [151636.805974, 6577510.094861], [151636.510466, 6577509.878488], [151635.360435, 6577509.090152], [151632.373404, 6577507.040817], [151632.057337, 6577506.838469], [151631.729027, 6577506.656659], [151626.671027, 6577504.062659], [151626.267717, 6577503.874708], [151625.851371, 6577503.717737], [151621.109371, 6577502.131737], [151620.468032, 6577501.956791], [151615.538032, 6577500.906791], [151615.397697, 6577500.878679], [151605.440697, 6577499.009679], [151605.322001, 6577498.988654], [151600.565266, 6577498.196185], [151571.672403, 6577491.235866], [151552.245199, 6577486.362587], [151552.165997, 6577486.343301], [151543.355101, 6577484.26227], [151541.064242, 6577483.250184]]"
