File_name,Count,Timestamp
Kris_0606-2036.png,31,2023-06-06 20:36:28
Kris_0606-2106.png,28,2023-06-06 21:06:47
Kris_0606-2137.png,22,2023-06-06 21:37:03
Kris_0606-2207.png,27,2023-06-06 22:07:23
Kris_0606-2237.png,26,2023-06-06 22:37:39
Kris_0606-2307.png,19,2023-06-06 23:07:56
Kris_0606-2338.png,21,2023-06-06 23:38:14
Kris_0706-0008.png,22,2023-06-07 0:08:32
Kris_0706-0038.png,24,2023-06-07 0:38:44
Kris_0706-0108.png,16,2023-06-07 1:09:02
Kris_0706-0139.png,20,2023-06-07 1:39:20
Kris_0706-0209.png,21,2023-06-07 2:09:38
Kris_0706-0239.png,20,2023-06-07 2:39:54
Kris_0706-0310.png,22,2023-06-07 3:10:11
Kris_0706-0340.png,20,2023-06-07 3:40:30
Kris_0706-0410.png,21,2023-06-07 4:10:47
Kris_0706-0441.png,22,2023-06-07 4:41:03
Kris_0706-0511.png,24,2023-06-07 5:11:22
Kris_0706-0541.png,24,2023-06-07 5:41:41
Kris_0706-0611.png,24,2023-06-07 6:11:58
Kris_0706-0642.png,21,2023-06-07 6:42:14
Kris_0706-0712.png,24,2023-06-07 7:12:31
Kris_0706-0742.png,18,2023-06-07 7:42:48
Kris_0706-0813.png,33,2023-06-07 8:13:08
Kris_0706-0843.png,34,2023-06-07 8:43:25
Kris_0706-0913.png,44,2023-06-07 9:13:45
Kris_0706-0944.png,46,2023-06-07 9:44:01
Kris_0706-1014.png,46,2023-06-07 10:14:19
Kris_0706-1044.png,42,2023-06-07 10:44:36
Kris_0706-1114.png,43,2023-06-07 11:14:54
Kris_0706-1145.png,44,2023-06-07 11:45:12
Kris_0706-1215.png,39,2023-06-07 12:15:32
Kris_0706-1245.png,43,2023-06-07 12:45:51
Kris_0706-1316.png,42,2023-06-07 13:16:11
Kris_0706-1346.png,39,2023-06-07 13:46:29
Kris_0706-1416.png,35,2023-06-07 14:16:47
Kris_0706-1447.png,39,2023-06-07 14:47:06
Kris_0706-1517.png,40,2023-06-07 15:17:25
Kris_0706-1547.png,38,2023-06-07 15:47:37
Kris_0706-1617.png,38,2023-06-07 16:17:50
Kris_0706-1648.png,39,2023-06-07 16:48:01
Kris_0706-1718.png,36,2023-06-07 17:18:15
Kris_0706-1748.png,37,2023-06-07 17:48:30
Kris_0706-1818.png,40,2023-06-07 18:18:50
Kris_0706-1849.png,34,2023-06-07 18:49:15
Kris_0706-1919.png,43,2023-06-07 19:19:36
Kris_0706-1949.png,39,2023-06-07 19:49:47
Kris_0706-2020.png,39,2023-06-07 20:20:24
Kris_0706-2050.png,37,2023-06-07 20:50:45
Kris_0706-2120.png,35,2023-06-07 21:20:57
Kris_0706-2151.png,27,2023-06-07 21:51:11
Kris_0706-2221.png,21,2023-06-07 22:21:37
Kris_0706-2251.png,27,2023-06-07 22:51:50
Kris_0706-2322.png,26,2023-06-07 23:22:03
Kris_0706-2352.png,24,2023-06-07 23:52:16
Kris_0806-0022.png,25,2023-06-08 0:22:36
Kris_0806-0052.png,27,2023-06-08 0:52:48
Kris_0806-0123.png,30,2023-06-08 1:23:09
Kris_0806-0153.png,30,2023-06-08 1:53:21
Kris_0806-0223.png,31,2023-06-08 2:23:32
Kris_0806-0253.png,28,2023-06-08 2:53:54
Kris_0806-0324.png,26,2023-06-08 3:24:08
Kris_0806-0354.png,31,2023-06-08 3:54:19
Kris_0806-0424.png,31,2023-06-08 4:24:43
Kris_0806-0454.png,36,2023-06-08 4:54:54
Kris_0806-0525.png,34,2023-06-08 5:25:17
Kris_0806-0555.png,35,2023-06-08 5:55:28
Kris_0806-0625.png,33,2023-06-08 6:25:39
Kris_0806-0655.png,32,2023-06-08 6:55:51
Kris_0806-0726.png,33,2023-06-08 7:26:03
Kris_0806-0756.png,30,2023-06-08 7:56:25
Kris_0806-0826.png,29,2023-06-08 8:26:37
Kris_0806-0857.png,37,2023-06-08 8:57:02
Kris_0806-0927.png,41,2023-06-08 9:27:21
Kris_0806-0957.png,44,2023-06-08 9:57:32
Kris_0806-1027.png,43,2023-06-08 10:27:44
Kris_0806-1057.png,42,2023-06-08 10:57:58
Kris_0806-1128.png,39,2023-06-08 11:28:10
Kris_0806-1158.png,40,2023-06-08 11:58:24
Kris_0806-1228.png,49,2023-06-08 12:28:46
Kris_0806-1258.png,35,2023-06-08 12:58:57
Kris_0806-1329.png,40,2023-06-08 13:29:10
Kris_0806-1359.png,42,2023-06-08 13:59:22
Kris_0806-1429.png,45,2023-06-08 14:29:37
Kris_0806-1459.png,40,2023-06-08 14:59:48
Kris_0806-1530.png,35,2023-06-08 15:30:08
Kris_0806-1600.png,41,2023-06-08 16:00:30
Kris_0806-1630.png,38,2023-06-08 16:30:51
Kris_0806-1701.png,33,2023-06-08 17:01:03
Kris_0806-1731.png,42,2023-06-08 17:31:19
Kris_0806-1801.png,42,2023-06-08 18:01:30
Kris_0806-1831.png,39,2023-06-08 18:31:52
Kris_0806-1902.png,37,2023-06-08 19:02:11
Kris_0806-1932.png,36,2023-06-08 19:32:33
Kris_0806-2002.png,24,2023-06-08 20:02:54
Kris_0806-2033.png,24,2023-06-08 20:33:07
Kris_0806-2103.png,21,2023-06-08 21:03:19
Kris_0806-2133.png,20,2023-06-08 21:33:41
Kris_0806-2203.png,13,2023-06-08 22:03:52
Kris_0806-2233.png,13,2023-06-08 22:34:00
Kris_0906-1244.png,1,2023-06-09 12:44:49
Kris_0906-1315.png,0,2023-06-09 13:15:06
Kris_0906-1345.png,0,2023-06-09 13:45:24
Kris_0906-1415.png,2,2023-06-09 14:15:50
Kris_0906-1446.png,7,2023-06-09 14:46:18
Kris_0906-1516.png,5,2023-06-09 15:16:32
Kris_0906-1546.png,3,2023-06-09 15:46:48
Kris_0906-1617.png,4,2023-06-09 16:17:12
Kris_0906-1647.png,5,2023-06-09 16:47:31
Kris_0906-2103.png,7,2023-06-09 21:03:43
Kris_0906-2134.png,3,2023-06-09 21:34:01
Kris_0906-2204.png,2,2023-06-09 22:04:13
Kris_0906-2234.png,5,2023-06-09 22:34:36
Kris_0906-2304.png,8,2023-06-09 23:04:48
Kris_0906-2335.png,9,2023-06-09 23:35:06
Kris_1006-0005.png,12,2023-06-10 0:05:27
Kris_1006-0035.png,14,2023-06-10 0:35:47
Kris_1006-0105.png,13,2023-06-10 1:06:00
Kris_1006-0136.png,11,2023-06-10 1:36:14
Kris_1006-0206.png,12,2023-06-10 2:06:35
Kris_1006-0236.png,9,2023-06-10 2:36:46
Kris_1006-0307.png,7,2023-06-10 3:07:09
Kris_1006-0337.png,4,2023-06-10 3:37:22
Kris_1006-0407.png,4,2023-06-10 4:07:44
Kris_1006-0437.png,4,2023-06-10 4:37:55
Kris_1006-0508.png,4,2023-06-10 5:08:16
Kris_1006-0538.png,4,2023-06-10 5:38:27
Kris_1006-0608.png,5,2023-06-10 6:08:39
Kris_1006-0638.png,4,2023-06-10 6:38:51
Kris_1006-0709.png,4,2023-06-10 7:09:05
Kris_1006-0739.png,5,2023-06-10 7:39:17
Kris_1006-0809.png,8,2023-06-10 8:09:41
Kris_1006-0840.png,12,2023-06-10 8:40:03
Kris_1006-0910.png,10,2023-06-10 9:10:15
Kris_1006-0940.png,9,2023-06-10 9:40:28
Kris_1006-1010.png,21,2023-06-10 10:10:39
Kris_1006-1040.png,23,2023-06-10 10:40:51
Kris_1006-1111.png,23,2023-06-10 11:11:14
Kris_1006-1141.png,22,2023-06-10 11:41:26
Kris_1006-1211.png,20,2023-06-10 12:11:47
Kris_1006-1241.png,29,2023-06-10 12:41:59
Kris_1006-1312.png,33,2023-06-10 13:12:10
Kris_1006-1342.png,24,2023-06-10 13:42:22
Kris_1006-1412.png,26,2023-06-10 14:12:34
Kris_1006-1442.png,32,2023-06-10 14:42:58
Kris_1006-1513.png,27,2023-06-10 15:13:11
Kris_1006-1543.png,20,2023-06-10 15:43:22
Kris_1006-1613.png,29,2023-06-10 16:13:36
Kris_1006-1643.png,25,2023-06-10 16:43:55
Kris_1006-1714.png,26,2023-06-10 17:14:17
Kris_1006-1744.png,34,2023-06-10 17:44:28
Kris_1006-1814.png,34,2023-06-10 18:14:40
Kris_1006-1844.png,33,2023-06-10 18:44:51
Kris_1006-1915.png,49,2023-06-10 19:15:03
Kris_1006-1945.png,45,2023-06-10 19:45:14
Kris_1006-2015.png,37,2023-06-10 20:15:26
Kris_1006-2045.png,37,2023-06-10 20:45:48
Kris_1006-2115.png,30,2023-06-10 21:15:59
Kris_1006-2146.png,37,2023-06-10 21:46:11
Kris_1006-2216.png,32,2023-06-10 22:16:22
Kris_1006-2246.png,39,2023-06-10 22:46:36
Kris_1006-2316.png,42,2023-06-10 23:16:48
Kris_1006-2346.png,42,2023-06-10 23:46:59
Kris_1106-0017.png,37,2023-06-11 0:17:23
Kris_1106-0047.png,37,2023-06-11 0:47:35
Kris_1106-0117.png,35,2023-06-11 1:18:00
Kris_1106-0148.png,33,2023-06-11 1:48:11
Kris_1106-0218.png,32,2023-06-11 2:18:23
Kris_1106-0248.png,32,2023-06-11 2:48:40
Kris_1106-0319.png,23,2023-06-11 3:19:01
Kris_1106-0349.png,22,2023-06-11 3:49:18
Kris_1106-0419.png,23,2023-06-11 4:19:43
Kris_1106-0449.png,23,2023-06-11 4:49:54
Kris_1106-0520.png,25,2023-06-11 5:20:06
Kris_1106-0550.png,24,2023-06-11 5:50:24
Kris_1106-0620.png,20,2023-06-11 6:20:37
Kris_1106-0650.png,24,2023-06-11 6:50:55
Kris_1106-0721.png,24,2023-06-11 7:21:06
Kris_1106-0751.png,23,2023-06-11 7:51:19
Kris_1106-0821.png,22,2023-06-11 8:21:30
Kris_1106-0851.png,20,2023-06-11 8:51:47
Kris_1106-0922.png,21,2023-06-11 9:22:01
Kris_1106-0952.png,19,2023-06-11 9:52:14
Kris_1106-1022.png,17,2023-06-11 10:22:25
Kris_1106-1052.png,20,2023-06-11 10:52:49
Kris_1106-1123.png,20,2023-06-11 11:23:11
Kris_1106-1153.png,23,2023-06-11 11:53:24
Kris_1106-1223.png,19,2023-06-11 12:23:46
Kris_1106-1253.png,23,2023-06-11 12:53:57
Kris_1106-1324.png,35,2023-06-11 13:24:21
Kris_1106-1354.png,29,2023-06-11 13:54:32
Kris_1106-1424.png,25,2023-06-11 14:24:44
Kris_1106-1454.png,24,2023-06-11 14:54:57
Kris_1106-1525.png,25,2023-06-11 15:25:19
Kris_1106-1555.png,28,2023-06-11 15:55:31
Kris_1106-1625.png,40,2023-06-11 16:25:50
Kris_1106-1656.png,32,2023-06-11 16:56:07
Kris_1106-1726.png,27,2023-06-11 17:26:19
Kris_1106-1756.png,27,2023-06-11 17:56:30
Kris_1106-1826.png,40,2023-06-11 18:26:42
Kris_1106-1856.png,33,2023-06-11 18:56:56
Kris_1106-1927.png,32,2023-06-11 19:27:08
Kris_1106-1957.png,37,2023-06-11 19:57:21
Kris_1106-2027.png,35,2023-06-11 20:27:34
Kris_1106-2057.png,33,2023-06-11 20:57:47
Kris_1106-2127.png,28,2023-06-11 21:27:58
Kris_1106-2158.png,30,2023-06-11 21:58:23
Kris_1106-2228.png,24,2023-06-11 22:28:34
Kris_1106-2258.png,19,2023-06-11 22:58:54
Kris_1206-1252.png,38,2023-06-12 12:52:56
Kris_1206-1323.png,43,2023-06-12 13:23:13
Kris_1206-1353.png,41,2023-06-12 13:53:32
Kris_1206-1423.png,42,2023-06-12 14:23:51
Kris_1206-1454.png,43,2023-06-12 14:54:10
Kris_1206-1524.png,42,2023-06-12 15:24:28
Kris_1206-1554.png,41,2023-06-12 15:54:44
Kris_1206-1624.png,,2023-06-12 16:25:00
Kris_1206-1701.png,47,2023-06-12 17:01:34
Kris_1206-1731.png,45,2023-06-12 17:31:52
Kris_1206-1802.png,42,2023-06-12 18:02:09
Kris_1206-1832.png,41,2023-06-12 18:32:27
Kris_1206-1902.png,46,2023-06-12 19:02:47
Kris_1206-1933.png,46,2023-06-12 19:33:03
Kris_1206-2003.png,46,2023-06-12 20:03:20
Kris_1206-2033.png,48,2023-06-12 20:33:36
Kris_1206-2103.png,33,2023-06-12 21:03:47
Kris_1206-2134.png,37,2023-06-12 21:34:04
Kris_1206-2204.png,35,2023-06-12 22:04:20
Kris_1206-2234.png,,2023-06-12 22:34:39
Kris_1206-2304.png,,2023-06-12 23:04:59
Kris_1206-2335.png,,2023-06-12 23:35:15
Kris_1306-0005.png,33,2023-06-13 0:05:31
Kris_1306-0035.png,,2023-06-13 0:35:49
Kris_1306-0106.png,33,2023-06-13 1:06:06
Kris_1306-0136.png,29,2023-06-13 1:36:22
Kris_1306-0206.png,29,2023-06-13 2:06:39
Kris_1306-0236.png,,2023-06-13 2:36:56
Kris_1306-0307.png,30,2023-06-13 3:07:13
Kris_1306-0337.png,29,2023-06-13 3:37:29
Kris_1306-0407.png,30,2023-06-13 4:07:48
Kris_1306-0438.png,30,2023-06-13 4:38:05
Kris_1306-0508.png,32,2023-06-13 5:08:22
Kris_1306-0538.png,32,2023-06-13 5:38:38
Kris_1306-0608.png,31,2023-06-13 6:08:54
Kris_1306-0639.png,29,2023-06-13 6:39:12
Kris_1306-0709.png,20,2023-06-13 7:09:29
Kris_1306-0739.png,23,2023-06-13 7:39:45
Kris_1306-0810.png,28,2023-06-13 8:10:01
Kris_1306-0840.png,27,2023-06-13 8:40:19
Kris_1306-0910.png,36,2023-06-13 9:10:38
Kris_1306-0940.png,35,2023-06-13 9:40:55
Kris_1306-1011.png,46,2023-06-13 10:11:11
Kris_1306-1041.png,42,2023-06-13 10:41:28
Kris_1306-1111.png,35,2023-06-13 11:11:48
Kris_1306-1142.png,42,2023-06-13 11:42:04
Kris_1306-1212.png,38,2023-06-13 12:12:22
Kris_1306-1242.png,35,2023-06-13 12:42:38
Kris_1306-1312.png,39,2023-06-13 13:12:55
Kris_1306-1343.png,39,2023-06-13 13:43:13
Kris_1306-1413.png,29,2023-06-13 14:13:30
Kris_1306-1443.png,52,2023-06-13 14:43:47
Kris_1306-1514.png,39,2023-06-13 15:14:04
Kris_1306-1544.png,53,2023-06-13 15:44:21
Kris_1306-1614.png,42,2023-06-13 16:14:39
Kris_1306-1644.png,,2023-06-13 16:44:57
Kris_1306-1715.png,44,2023-06-13 17:15:15
Kris_1306-1745.png,43,2023-06-13 17:45:34
Kris_1306-1816.png,51,2023-06-13 18:16:50
Kris_1306-1847.png,40,2023-06-13 18:47:01
Kris_1306-1917.png,46,2023-06-13 19:17:18
Kris_1306-1947.png,44,2023-06-13 19:47:35
Kris_1306-2017.png,46,2023-06-13 20:17:51
Kris_1306-2048.png,40,2023-06-13 20:48:09
Kris_1306-2118.png,41,2023-06-13 21:18:26
Kris_1306-2148.png,47,2023-06-13 21:48:45
Kris_1306-2219.png,39,2023-06-13 22:19:01
Kris_1306-2249.png,,2023-06-13 22:49:17
Kris_1306-2319.png,32,2023-06-13 23:19:34
Kris_1306-2349.png,35,2023-06-13 23:49:54
Kris_1406-0020.png,40,2023-06-14 0:20:10
Kris_1406-0050.png,42,2023-06-14 0:50:27
Kris_1406-0120.png,37,2023-06-14 1:20:43
Kris_1406-0150.png,42,2023-06-14 1:51:00
Kris_1406-0221.png,46,2023-06-14 2:21:18
Kris_1406-0251.png,45,2023-06-14 2:51:36
Kris_1406-0321.png,40,2023-06-14 3:21:52
Kris_1406-0352.png,45,2023-06-14 3:52:08
Kris_1406-0422.png,35,2023-06-14 4:22:25
Kris_1406-0452.png,43,2023-06-14 4:52:42
Kris_1406-0522.png,42,2023-06-14 5:22:58
Kris_1406-0553.png,40,2023-06-14 5:53:19
Kris_1406-0623.png,29,2023-06-14 6:23:37
Kris_1406-0653.png,34,2023-06-14 6:53:47
Kris_1406-0724.png,42,2023-06-14 7:24:03
Kris_1406-0754.png,48,2023-06-14 7:54:21
Kris_1406-0824.png,47,2023-06-14 8:24:38
Kris_1406-0854.png,51,2023-06-14 8:54:54
Kris_1406-0925.png,43,2023-06-14 9:25:13
Kris_1406-0955.png,44,2023-06-14 9:55:31
Kris_1406-1025.png,44,2023-06-14 10:25:47
Kris_1406-1056.png,46,2023-06-14 10:56:05
Kris_1406-1126.png,45,2023-06-14 11:26:16
Kris_1406-1156.png,46,2023-06-14 11:56:34
Kris_1406-1226.png,47,2023-06-14 12:26:50
Kris_1406-1257.png,47,2023-06-14 12:57:12
Kris_1406-1327.png,42,2023-06-14 13:27:30
Kris_1406-1357.png,54,2023-06-14 13:57:48
Kris_1706-1458.png,54,2023-06-17 14:58:51
Kris_1706-1529.png,50,2023-06-17 15:29:11
Kris_1706-1559.png,41,2023-06-17 15:59:31
Kris_1706-1629.png,44,2023-06-17 16:29:47
Kris_1706-1659.png,51,2023-06-17 16:59:58
Kris_1706-1730.png,48,2023-06-17 17:30:16
Kris_1706-1800.png,40,2023-06-17 18:00:34
Kris_1706-1830.png,50,2023-06-17 18:30:44
Kris_1706-1901.png,35,2023-06-17 19:01:01
Kris_1706-1931.png,40,2023-06-17 19:31:17
Kris_1706-2001.png,42,2023-06-17 20:01:34
Kris_1706-2031.png,43,2023-06-17 20:31:46
Kris_1706-2102.png,44,2023-06-17 21:02:03
Kris_1706-2132.png,45,2023-06-17 21:32:21
Kris_1706-2202.png,43,2023-06-17 22:02:39
Kris_1706-2232.png,44,2023-06-17 22:32:57
Kris_1706-2303.png,45,2023-06-17 23:03:15
Kris_1706-2333.png,44,2023-06-17 23:33:33
Kris_1806-0003.png,45,2023-06-18 0:03:52
Kris_1806-0034.png,49,2023-06-18 0:34:10
Kris_1806-0104.png,49,2023-06-18 1:04:27
Kris_1806-0134.png,29,2023-06-18 1:34:48
Kris_1806-0205.png,25,2023-06-18 2:05:06
Kris_1806-0235.png,24,2023-06-18 2:35:24
Kris_1806-0305.png,39,2023-06-18 3:05:44
Kris_1806-0336.png,29,2023-06-18 3:36:01
Kris_1806-0406.png,25,2023-06-18 4:06:18
Kris_1806-0436.png,24,2023-06-18 4:36:35
Kris_1806-0506.png,23,2023-06-18 5:06:55
Kris_1806-0537.png,25,2023-06-18 5:37:12
Kris_1806-0607.png,24,2023-06-18 6:07:28
Kris_1806-0637.png,25,2023-06-18 6:37:47
Kris_1806-0707.png,25,2023-06-18 7:07:57
Kris_1806-0738.png,23,2023-06-18 7:38:13
Kris_1806-0808.png,25,2023-06-18 8:08:33
Kris_1806-0838.png,29,2023-06-18 8:38:50
Kris_1806-0909.png,26,2023-06-18 9:09:10
Kris_1806-0939.png,40,2023-06-18 9:39:27
Kris_1806-1009.png,20,2023-06-18 10:09:44
Kris_1806-1040.png,29,2023-06-18 10:40:02
Kris_1806-1110.png,40,2023-06-18 11:10:22
Kris_1806-1140.png,42,2023-06-18 11:40:38
Kris_1806-1210.png,40,2023-06-18 12:10:54
Kris_1806-1241.png,46,2023-06-18 12:41:10
Kris_1906-1433.png,24,2023-06-26 13:19:08
Kris_1906-1434.png,45,2023-06-26 13:18:27
Kris_1906-1453.png,54,2023-06-26 13:17:17
Kris_1906-1542.png,36,2023-06-26 13:16:19
Kris_1906-1612.png,44,2023-06-26 13:15:34
Kris_1906-1622.png,45,2023-06-25 20:35:10
Kris_1906-1631.png,50,2023-06-25 20:37:44
Kris_1906-1655.png,53,2023-06-25 20:39:20
Kris_1906-1710.png,47,2023-06-25 20:41:35
Kris_1906-1712.png,34,2023-06-25 20:42:58
Kris_1906-1752.png,37,2023-06-25 20:43:50
Kris_1906-1807.png,40,2023-06-25 20:44:43
Kris_1906-1834.png,38,2023-06-25 20:45:56
Kris_1906-1917.png,39,2023-06-25 20:46:56
Kris_1906-2017.png,40,2023-06-25 20:47:57
Kris_1906-2018.png,37,2023-06-25 20:48:47
Kris_1906-2026.png,42,2023-06-25 20:49:34
Kris_1906-2034.png,43,2023-06-25 20:50:29
Kris_1906-2112.png,43,2023-06-25 20:51:06
Kris_1906-2141.png,45,2023-06-25 20:52:16
Kris_1906-2206.png,45,2023-06-25 20:53:22
Kris_1906-2241.png,52,2023-06-25 20:55:26
Kris_1906-2326.png,43,2023-06-25 20:56:36
Kris_1906-2344.png,41,2023-06-25 20:57:27
Kris_2006-0012.png,40,2023-06-25 20:58:05
Kris_2006-0051.png,36,2023-06-25 20:59:00
Kris_2006-0121.png,43,2023-06-25 20:59:56
Kris_2006-0213.png,39,2023-06-25 21:00:50
Kris_2006-0241.png,42,2023-06-25 21:02:17
Kris_2006-0247.png,40,2023-06-25 21:02:56
Kris_2006-0250.png,42,2023-06-25 21:03:36
Kris_2006-0305.png,42,2023-06-25 21:04:32
Kris_2006-0402.png,41,2023-06-25 21:05:21
Kris_2006-0501.png,41,2023-06-25 21:06:21
Kris_2006-0554.png,40,2023-06-25 21:07:25
Kris_2006-0624.png,38,2023-06-25 21:08:18
Kris_2006-0652.png,40,2023-06-25 21:09:01
Kris_2006-0722.png,31,2023-06-25 21:11:25
Kris_2006-0817.png,36,2023-06-25 21:12:12
Kris_2006-0838.png,38,2023-06-25 21:12:59
Kris_2006-0904.png,43,2023-06-25 21:13:45
Kris_2006-0913.png,41,2023-06-25 21:14:24
Kris_2006-0917.png,41,2023-06-25 21:15:12
Kris_2006-0922.png,43,2023-06-25 21:16:02
Kris_2006-0924.png,42,2023-06-25 21:16:44
Kris_2006-0937.png,35,2023-06-25 21:17:33
Kris_2006-0951.png,36,2023-06-25 21:18:15
Kris_2006-1000.png,39,2023-06-25 21:19:24
Kris_2006-1021.png,38,2023-06-25 21:20:16
Kris_2006-1107.png,42,2023-06-25 21:21:09
Kris_2006-1118.png,36,2023-06-25 21:21:52
Kris_2006-1134.png,38,2023-06-25 21:22:37
Kris_2006-1147.png,40,2023-06-25 21:23:52
Kris_2006-1239.png,41,2023-06-25 21:25:27
Kris_2006-1312.png,38,2023-06-25 21:26:33
Kris_2006-1404.png,48,2023-06-25 21:27:51
Kris_2006-1415.png,48,2023-06-25 21:28:38
Kris_2006-1441.png,52,2023-06-25 21:29:44
Kris_2006-1457.png,36,2023-06-25 21:30:36
Kris_2006-1555.png,33,2023-06-25 21:31:24
Kris_2006-1644.png,43,2023-06-25 21:32:22
Kris_2006-1738.png,43,2023-06-25 21:33:19
Kris_2006-1745.png,42,2023-06-25 21:34:24
Kris_2006-1828.png,36,2023-06-25 21:35:09
Kris_2006-1855.png,53,2023-06-25 21:35:59
Kris_2006-1921.png,45,2023-06-25 21:36:50
Kris_2006-2021.png,54,2023-06-25 21:37:53
Kris_2006-2038.png,51,2023-06-25 21:38:50
Kris_2406-1419.png,23,2023-06-25 21:39:57
Kris_2406-1459.png,32,2023-06-25 21:40:34
Kris_2406-1506.png,32,2023-06-25 21:41:19
Kris_2406-1514.png,32,2023-06-25 21:42:01
Kris_2406-1609.png,26,2023-06-25 21:42:36
Kris_2406-1653.png,32,2023-06-25 21:43:15
Kris_2406-1716.png,32,2023-06-25 21:43:59
Kris_2406-1732.png,29,2023-06-25 21:44:42
Kris_2406-1754.png,26,2023-06-25 21:45:28
Kris_2406-1838.png,29,2023-06-25 21:46:30
Kris_2406-1937.png,35,2023-06-25 21:47:09
Kris_2406-2011.png,37,2023-06-25 21:47:58
Kris_2406-2032.png,34,2023-06-25 21:48:42
Kris_2406-2128.png,33,2023-06-25 21:49:17
Kris_2406-2216.png,41,2023-06-25 21:50:08
Kris_2406-2238.png,34,2023-06-25 21:50:50
Kris_2406-2257.png,52,2023-06-25 21:51:57
Kris_2406-2346.png,46,2023-06-25 21:53:05
Kris_2506-0044.png,50,2023-06-25 21:54:05
Kris_2506-0051.png,50,2023-06-25 21:55:09
Kris_2506-0109.png,50,2023-06-25 21:56:21
Kris_2506-0138.png,47,2023-06-25 21:57:13
Kris_2506-0156.png,48,2023-06-25 22:00:12
Kris_2506-0242.png,58,2023-06-25 22:01:26
Kris_2506-0316.png,42,2023-06-25 22:02:27
Kris_2506-0330.png,34,2023-06-25 22:03:21
Kris_2506-0429.png,36,2023-06-25 22:04:09
Kris_2506-0523.png,33,2023-06-25 22:05:06
Kris_2506-0622.png,32,2023-06-25 22:06:39
Kris_2506-0626.png,34,2023-06-25 22:07:37
Kris_2506-0717.png,29,2023-06-25 22:08:19
Kris_2506-0733.png,30,2023-06-25 22:09:22
Kris_2506-0828.png,33,2023-06-25 22:10:07
Kris_2506-0857.png,31,2023-06-25 22:11:01
Kris_2506-0949.png,29,2023-06-25 22:11:46
Kris_2506-1045.png,28,2023-06-25 22:12:38
Kris_2506-1132.png,37,2023-06-25 22:14:00
Kris_2506-1158.png,31,2023-06-25 22:15:05
Kris_2506-1220.png,26,2023-06-25 22:15:50
Kris_2506-1229.png,30,2023-06-25 22:16:42
Kris_2506-1301.png,29,2023-06-26 20:45:26
Kris_2506-1315.png,28,2023-06-26 20:45:26
Kris_2506-1319.png,26,2023-06-26 20:45:25
Kris_2506-1410.png,25,2023-06-26 20:45:25
Kris_2506-1417.png,30,2023-06-26 20:45:25
Kris_2506-1457.png,29,2023-06-26 20:45:25
Kris_2506-1557.png,36,2023-06-26 20:45:25
Kris_2506-1655.png,35,2023-06-26 20:45:25
Kris_2506-1751.png,37,2023-06-26 20:45:24
Kris_2506-1836.png,41,2023-06-26 20:45:24
Kris_2506-1855.png,45,2023-06-26 20:45:24
Kris_2506-1904.png,45,2023-06-26 20:45:24
Kris_2506-1943.png,37,2023-06-26 20:45:24
Kris_2506-1948.png,41,2023-06-26 20:45:24
Kris_2506-2005.png,45,2023-06-26 20:45:23
Kris_2506-2014.png,39,2023-06-26 20:45:23
Kris_2506-2040.png,37,2023-06-26 20:45:23
Kris_2506-2136.png,37,2023-06-26 20:45:23
Kris_2506-2137.png,41,2023-06-26 20:45:23
Kris_2506-2230.png,32,2023-06-26 20:45:23
Kris_2506-2234.png,31,2023-06-26 20:45:22
Kris_2506-2311.png,26,2023-06-26 20:45:22
Kris_2506-2318.png,27,2023-06-26 20:45:22
Kris_2506-2332.png,22,2023-06-26 20:45:22
Kris_2606-0027.png,27,2023-06-26 20:45:22
Kris_2606-0040.png,32,2023-06-26 20:45:22
Kris_2606-0050.png,31,2023-06-26 20:45:21
Kris_2606-0116.png,26,2023-06-26 20:45:21
Kris_2606-0148.png,28,2023-06-26 20:45:21
Kris_2606-0205.png,30,2023-06-26 20:45:21
Kris_2606-0228.png,27,2023-06-26 20:45:21
Kris_2606-0253.png,28,2023-06-26 20:45:21
Kris_2606-0349.png,27,2023-06-26 20:45:21
Kris_2606-0355.png,26,2023-06-26 20:45:20
Kris_2606-0444.png,29,2023-06-26 20:45:20
Kris_2606-0452.png,26,2023-06-26 20:45:20
Kris_2606-0530.png,26,2023-06-26 20:45:20
Kris_2606-0557.png,26,2023-06-26 20:45:20
Kris_2606-0656.png,25,2023-06-26 20:45:19
Kris_2606-0740.png,26,2023-06-26 20:45:19
Kris_2606-0747.png,25,2023-06-26 20:45:19
Kris_2606-0752.png,32,2023-06-26 20:45:19
Kris_2606-0817.png,37,2023-06-26 20:45:19
Kris_2606-0913.png,38,2023-06-26 20:45:18
Kris_2606-1007.png,31,2023-06-26 20:45:18
Kris_2606-1017.png,39,2023-06-26 20:45:18