,image name,car_count,timestamp_true,Count,num_timestamp,month_no,month_name,day,day_of_week,day_of_week_name,is_weekend,hour_of_day
0,Kris_1206-1423.png,31,2023-06-12 14:23:00,31,1686579780.0,6,June,12,0,Monday,0,14
1,Kris_1008-0950.png,32,2023-08-10 09:50:00,32,1691661000.0,8,August,10,3,Thursday,0,9
2,Kris_1108-0124.png,8,2023-08-11 01:24:00,8,1691717040.0,8,August,11,4,Friday,0,1
3,Kris_2406-2128.png,6,2023-06-24 21:28:00,6,1687642080.0,6,June,24,5,Saturday,0,21
4,Kris_1006-0136.png,7,2023-06-10 01:36:00,7,1686360960.0,6,June,10,5,Saturday,0,1
5,Kris_0408-0341.png,3,2023-08-04 03:41:00,3,1691120460.0,8,August,4,4,Friday,0,3
6,Kris_0508-1613.png,0,2023-08-05 16:13:00,0,1691251980.0,8,August,5,5,Saturday,0,16
7,Kris_1006-1442.png,20,2023-06-10 14:42:00,20,1686408120.0,6,June,10,5,Saturday,0,14
8,Kris_0308-0134.png,1,2023-08-03 01:34:00,1,1691026440.0,8,August,3,3,Thursday,0,1
9,Kris_1308-2222.png,0,2023-08-13 22:22:00,0,1691965320.0,8,August,13,6,Sunday,0,22
10,Kris_1206-2335.png,12,2023-06-12 23:35:00,12,1686612900.0,6,June,12,0,Monday,0,23
11,Kris_0308-0304.png,1,2023-08-03 03:04:00,1,1691031840.0,8,August,3,3,Thursday,0,3
12,Kris_1306-1242.png,26,2023-06-13 12:42:00,26,1686660120.0,6,June,13,1,Tuesday,0,12
13,Kris_0706-1849.png,18,2023-06-07 18:49:00,18,1686163740.0,6,June,7,2,Wednesday,0,18
14,Kris_0508-1242.png,3,2023-08-05 12:42:00,3,1691239320.0,8,August,5,5,Saturday,0,12
15,Kris_1006-0840.png,6,2023-06-10 08:40:00,6,1686386400.0,6,June,10,5,Saturday,0,8
16,Kris_0808-0601.png,13,2023-08-08 06:01:00,13,1691474460.0,8,August,8,1,Tuesday,0,6
17,Kris_0706-1316.png,39,2023-06-07 13:16:00,39,1686143760.0,6,June,7,2,Wednesday,0,13
18,Kris_0808-0701.png,16,2023-08-08 07:01:00,16,1691478060.0,8,August,8,1,Tuesday,0,7
19,Kris_1206-1701.png,20,2023-06-12 17:01:00,20,1686589260.0,6,June,12,0,Monday,0,17
20,Kris_1308-0749.png,0,2023-08-13 07:49:00,0,1691912940.0,8,August,13,6,Sunday,0,7
21,Kris_0408-1313.png,4,2023-08-04 13:13:00,4,1691154780.0,8,August,4,4,Friday,0,13
22,Kris_0708-1728.png,30,2023-08-07 17:28:00,30,1691429280.0,8,August,7,0,Monday,0,17
23,Kris_0308-0435.png,1,2023-08-03 04:35:00,1,1691037300.0,8,August,3,3,Thursday,0,4
24,Kris_1408-1256.png,3,2023-08-14 12:56:00,3,1692017760.0,8,August,14,0,Monday,0,12
25,Kris_2006-1745.png,36,2023-06-20 17:45:00,36,1687283100.0,6,June,20,1,Tuesday,0,17
26,Kris_0706-2120.png,15,2023-06-07 21:20:00,15,1686172800.0,6,June,7,2,Wednesday,0,21
27,Kris_0806-0857.png,22,2023-06-08 08:57:00,22,1686214620.0,6,June,8,3,Thursday,0,8
28,Kris_0908-1540.png,26,2023-08-09 15:40:00,26,1691595600.0,8,August,9,2,Wednesday,0,15
29,Kris_0508-1743.png,0,2023-08-05 17:43:00,0,1691257380.0,8,August,5,5,Saturday,0,17
30,Kris_1008-0248.png,9,2023-08-10 02:48:00,9,1691635680.0,8,August,10,3,Thursday,0,2
31,Kris_0706-0843.png,24,2023-06-07 08:43:00,24,1686127380.0,6,June,7,2,Wednesday,0,8
32,Kris_1406-0050.png,7,2023-06-14 00:50:00,7,1686703800.0,6,June,14,2,Wednesday,0,0
33,Kris_2606-1122.png,24,2023-06-26 11:22:00,24,1687778520.0,6,June,26,0,Monday,0,11
34,Kris_0908-2046.png,18,2023-08-09 20:46:00,18,1691613960.0,8,August,9,2,Wednesday,0,20
35,Kris_1308-1851.png,0,2023-08-13 18:51:00,0,1691952660.0,8,August,13,6,Sunday,0,18
36,Kris_1408-0424.png,3,2023-08-14 04:24:00,3,1691987040.0,8,August,14,0,Monday,0,4
37,Kris_0706-0108.png,3,2023-06-07 01:08:00,3,1686100080.0,6,June,7,2,Wednesday,0,1
38,Kris_0708-1527.png,33,2023-08-07 15:27:00,33,1691422020.0,8,August,7,0,Monday,0,15
39,Kris_1706-2102.png,25,2023-06-17 21:02:00,25,1687035720.0,6,June,17,5,Saturday,0,21
40,Kris_1306-2048.png,6,2023-06-13 20:48:00,6,1686689280.0,6,June,13,1,Tuesday,0,20
41,Kris_2506-0051.png,12,2023-06-25 00:51:00,12,1687654260.0,6,June,25,6,Sunday,0,0
42,Kris_0806-1258.png,25,2023-06-08 12:58:00,25,1686229080.0,6,June,8,3,Thursday,0,12
43,Kris_1408-0624.png,4,2023-08-14 06:24:00,4,1691994240.0,8,August,14,0,Monday,0,6
44,Kris_1008-1220.png,24,2023-08-10 12:20:00,24,1691670000.0,8,August,10,3,Thursday,0,12
45,Kris_0508-1844.png,2,2023-08-05 18:44:00,2,1691261040.0,8,August,5,5,Saturday,0,18
46,Kris_1106-1525.png,10,2023-06-11 15:25:00,10,1686497100.0,6,June,11,6,Sunday,0,15
47,Kris_2006-0121.png,3,2023-06-20 01:21:00,3,1687224060.0,6,June,20,1,Tuesday,0,1
48,Kris_0408-0942.png,1,2023-08-04 09:42:00,1,1691142120.0,8,August,4,4,Friday,0,9
49,Kris_1306-1514.png,36,2023-06-13 15:14:00,36,1686669240.0,6,June,13,1,Tuesday,0,15
50,Kris_2606-0656.png,10,2023-06-26 06:56:00,10,1687762560.0,6,June,26,0,Monday,0,6
51,Kris_0208-1932.png,1,2023-08-02 19:32:00,1,1691004720.0,8,August,2,2,Wednesday,0,19
52,Kris_2606-0557.png,11,2023-06-26 05:57:00,11,1687759020.0,6,June,26,0,Monday,0,5
53,Kris_1106-1324.png,28,2023-06-11 13:24:00,28,1686489840.0,6,June,11,6,Sunday,0,13
54,Kris_1806-0909.png,18,2023-06-18 09:09:00,18,1687079340.0,6,June,18,6,Sunday,0,9
55,Kris_1408-0354.png,3,2023-08-14 03:54:00,3,1691985240.0,8,August,14,0,Monday,0,3
56,Kris_0908-0307.png,6,2023-08-09 03:07:00,6,1691550420.0,8,August,9,2,Wednesday,0,3
57,Kris_1306-1343.png,30,2023-06-13 13:43:00,30,1686663780.0,6,June,13,1,Tuesday,0,13
58,Kris_1806-0003.png,9,2023-06-18 00:03:00,9,1687046580.0,6,June,18,6,Sunday,0,0
59,Kris_2506-0733.png,8,2023-06-25 07:33:00,8,1687678380.0,6,June,25,6,Sunday,0,7
60,Kris_0806-1027.png,32,2023-06-08 10:27:00,32,1686220020.0,6,June,8,3,Thursday,0,10
61,Kris_1408-0123.png,0,2023-08-14 01:23:00,0,1691976180.0,8,August,14,0,Monday,0,1
62,Kris_1706-1901.png,30,2023-06-17 19:01:00,30,1687028460.0,6,June,17,5,Saturday,0,19
63,Kris_0908-1510.png,35,2023-08-09 15:10:00,35,1691593800.0,8,August,9,2,Wednesday,0,15
64,Kris_1106-1424.png,24,2023-06-11 14:24:00,24,1686493440.0,6,June,11,6,Sunday,0,14
65,Kris_1008-0117.png,12,2023-08-10 01:17:00,12,1691630220.0,8,August,10,3,Thursday,0,1
66,Kris_1406-0754.png,17,2023-06-14 07:54:00,17,1686729240.0,6,June,14,2,Wednesday,0,7
67,Kris_1006-1613.png,11,2023-06-10 16:13:00,11,1686413580.0,6,June,10,5,Saturday,0,16
68,Kris_1106-0550.png,18,2023-06-11 05:50:00,18,1686462600.0,6,June,11,6,Sunday,0,5
69,Kris_1106-2027.png,14,2023-06-11 20:27:00,14,1686515220.0,6,June,11,6,Sunday,0,20
70,Kris_2006-1147.png,32,2023-06-20 11:47:00,32,1687261620.0,6,June,20,1,Tuesday,0,11
71,Kris_1706-2001.png,35,2023-06-17 20:01:00,35,1687032060.0,6,June,17,5,Saturday,0,20
72,Kris_0408-1938.png,0,2023-08-04 19:38:00,0,1691177880.0,8,August,4,4,Friday,0,19
73,Kris_1308-0819.png,0,2023-08-13 08:19:00,0,1691914740.0,8,August,13,6,Sunday,0,8
74,Kris_1008-0920.png,25,2023-08-10 09:20:00,25,1691659200.0,8,August,10,3,Thursday,0,9
75,Kris_0608-1519.png,5,2023-08-06 15:19:00,5,1691335140.0,8,August,6,6,Sunday,0,15
76,Kris_0906-2103.png,1,2023-06-09 21:03:00,1,1686344580.0,6,June,9,4,Friday,0,21
77,Kris_1006-0105.png,8,2023-06-10 01:05:00,8,1686359100.0,6,June,10,5,Saturday,0,1
78,Kris_1106-1927.png,12,2023-06-11 19:27:00,12,1686511620.0,6,June,11,6,Sunday,0,19
79,Kris_1008-0047.png,10,2023-08-10 00:47:00,10,1691628420.0,8,August,10,3,Thursday,0,0
80,Kris_0806-0153.png,9,2023-06-08 01:53:00,9,1686189180.0,6,June,8,3,Thursday,0,1
81,Kris_0808-2035.png,15,2023-08-08 20:35:00,15,1691526900.0,8,August,8,1,Tuesday,0,20
82,Kris_2006-0247.png,2,2023-06-20 02:47:00,2,1687229220.0,6,June,20,1,Tuesday,0,2
83,Kris_0908-1745.png,18,2023-08-09 17:45:00,18,1691603100.0,8,August,9,2,Wednesday,0,17
84,Kris_0808-1102.png,39,2023-08-08 11:02:00,39,1691492520.0,8,August,8,1,Tuesday,0,11
85,Kris_1008-0218.png,9,2023-08-10 02:18:00,9,1691633880.0,8,August,10,3,Thursday,0,2
86,Kris_1008-1852.png,35,2023-08-10 18:52:00,35,1691693520.0,8,August,10,3,Thursday,0,18
87,Kris_1008-1922.png,33,2023-08-10 19:22:00,33,1691695320.0,8,August,10,3,Thursday,0,19
88,Kris_0808-0531.png,14,2023-08-08 05:31:00,14,1691472660.0,8,August,8,1,Tuesday,0,5
89,Kris_0408-0110.png,1,2023-08-04 01:10:00,1,1691111400.0,8,August,4,4,Friday,0,1
90,Kris_1806-1040.png,32,2023-06-18 10:40:00,32,1687084800.0,6,June,18,6,Sunday,0,10
91,Kris_1306-1443.png,33,2023-06-13 14:43:00,33,1686667380.0,6,June,13,1,Tuesday,0,14
92,Kris_0608-1248.png,5,2023-08-06 12:48:00,5,1691326080.0,8,August,6,6,Sunday,0,12
93,Kris_1408-0454.png,5,2023-08-14 04:54:00,5,1691988840.0,8,August,14,0,Monday,0,4
94,Kris_0908-0206.png,7,2023-08-09 02:06:00,7,1691546760.0,8,August,9,2,Wednesday,0,2
95,Kris_1806-0637.png,15,2023-06-18 06:37:00,15,1687070220.0,6,June,18,6,Sunday,0,6
96,Kris_1806-0808.png,17,2023-06-18 08:08:00,17,1687075680.0,6,June,18,6,Sunday,0,8
97,Kris_1706-2232.png,11,2023-06-17 22:32:00,11,1687041120.0,6,June,17,5,Saturday,0,22
98,Kris_0608-0316.png,5,2023-08-06 03:16:00,5,1691291760.0,8,August,6,6,Sunday,0,3
99,Kris_1006-1543.png,16,2023-06-10 15:43:00,16,1686411780.0,6,June,10,5,Saturday,0,15
100,Kris_1806-0838.png,18,2023-06-18 08:38:00,18,1687077480.0,6,June,18,6,Sunday,0,8
101,Kris_2006-0241.png,3,2023-06-20 02:41:00,3,1687228860.0,6,June,20,1,Tuesday,0,2
102,Kris_0908-1916.png,25,2023-08-09 19:16:00,25,1691608560.0,8,August,9,2,Wednesday,0,19
103,Kris_2606-1736.png,35,2023-06-26 17:36:00,35,1687800960.0,6,June,26,0,Monday,0,17
104,Kris_0606-2137.png,4,2023-06-06 21:37:00,4,1686087420.0,6,June,6,1,Tuesday,0,21
105,Kris_2006-0904.png,31,2023-06-20 09:04:00,31,1687251840.0,6,June,20,1,Tuesday,0,9
106,Kris_0808-2306.png,6,2023-08-08 23:06:00,6,1691535960.0,8,August,8,1,Tuesday,0,23
107,Kris_0808-0430.png,8,2023-08-08 04:30:00,8,1691469000.0,8,August,8,1,Tuesday,0,4
108,Kris_0706-1346.png,30,2023-06-07 13:46:00,30,1686145560.0,6,June,7,2,Wednesday,0,13
109,Kris_1306-0538.png,12,2023-06-13 05:38:00,12,1686634680.0,6,June,13,1,Tuesday,0,5
110,Kris_0908-0938.png,31,2023-08-09 09:38:00,31,1691573880.0,8,August,9,2,Wednesday,0,9
111,Kris_0308-2209.png,0,2023-08-03 22:09:00,0,1691100540.0,8,August,3,3,Thursday,0,22
112,Kris_1306-0940.png,23,2023-06-13 09:40:00,23,1686649200.0,6,June,13,1,Tuesday,0,9
113,Kris_0908-0607.png,24,2023-08-09 06:07:00,24,1691561220.0,8,August,9,2,Wednesday,0,6
114,Kris_0808-1002.png,42,2023-08-08 10:02:00,42,1691488920.0,8,August,8,1,Tuesday,0,10
115,Kris_0806-0022.png,10,2023-06-08 00:22:00,10,1686183720.0,6,June,8,3,Thursday,0,0
116,Kris_0906-1516.png,6,2023-06-09 15:16:00,6,1686323760.0,6,June,9,4,Friday,0,15
117,Kris_1008-1120.png,31,2023-08-10 11:20:00,31,1691666400.0,8,August,10,3,Thursday,0,11
118,Kris_0708-1858.png,23,2023-08-07 18:58:00,23,1691434680.0,8,August,7,0,Monday,0,18
119,Kris_1906-1655.png,34,2023-06-19 16:55:00,34,1687193700.0,6,June,19,0,Monday,0,16
120,Kris_2606-1109.png,25,2023-06-26 11:09:00,25,1687777740.0,6,June,26,0,Monday,0,11
121,Kris_0706-1245.png,32,2023-06-07 12:45:00,32,1686141900.0,6,June,7,2,Wednesday,0,12
122,Kris_1408-0323.png,2,2023-08-14 03:23:00,2,1691983380.0,8,August,14,0,Monday,0,3
123,Kris_1006-2045.png,5,2023-06-10 20:45:00,5,1686429900.0,6,June,10,5,Saturday,0,20
124,Kris_0706-1145.png,28,2023-06-07 11:45:00,28,1686138300.0,6,June,7,2,Wednesday,0,11
125,Kris_0408-0040.png,1,2023-08-04 00:40:00,1,1691109600.0,8,August,4,4,Friday,0,0
126,Kris_1106-2258.png,9,2023-06-11 22:58:00,9,1686524280.0,6,June,11,6,Sunday,0,22
127,Kris_1308-2152.png,0,2023-08-13 21:52:00,0,1691963520.0,8,August,13,6,Sunday,0,21
128,Kris_1306-1614.png,24,2023-06-13 16:14:00,24,1686672840.0,6,June,13,1,Tuesday,0,16
129,Kris_0808-0400.png,2,2023-08-08 04:00:00,2,1691467200.0,8,August,8,1,Tuesday,0,4
130,Kris_1106-0047.png,7,2023-06-11 00:47:00,7,1686444420.0,6,June,11,6,Sunday,0,0
131,Kris_0408-1213.png,2,2023-08-04 12:13:00,2,1691151180.0,8,August,4,4,Friday,0,12
132,Kris_1408-1326.png,2,2023-08-14 13:26:00,2,1692019560.0,8,August,14,0,Monday,0,13
133,Kris_0708-2329.png,3,2023-08-07 23:29:00,3,1691450940.0,8,August,7,0,Monday,0,23
134,Kris_2006-0250.png,3,2023-06-20 02:50:00,3,1687229400.0,6,June,20,1,Tuesday,0,2
135,Kris_0706-0813.png,19,2023-06-07 08:13:00,19,1686125580.0,6,June,7,2,Wednesday,0,8
136,Kris_0408-1837.png,0,2023-08-04 18:37:00,0,1691174220.0,8,August,4,4,Friday,0,18
137,Kris_0806-0354.png,21,2023-06-08 03:54:00,21,1686196440.0,6,June,8,3,Thursday,0,3
138,Kris_0706-2251.png,10,2023-06-07 22:51:00,10,1686178260.0,6,June,7,2,Wednesday,0,22
139,Kris_0408-0210.png,3,2023-08-04 02:10:00,3,1691115000.0,8,August,4,4,Friday,0,2
140,Kris_2506-1229.png,17,2023-06-25 12:29:00,17,1687696140.0,6,June,25,6,Sunday,0,12
141,Kris_1906-1612.png,27,2023-06-19 16:12:00,27,1687191120.0,6,June,19,0,Monday,0,16
142,Kris_0906-1546.png,2,2023-06-09 15:46:00,2,1686325560.0,6,June,9,4,Friday,0,15
143,Kris_2506-1315.png,10,2023-06-25 13:15:00,10,1687698900.0,6,June,25,6,Sunday,0,13
144,Kris_1206-1323.png,38,2023-06-12 13:23:00,38,1686576180.0,6,June,12,0,Monday,0,13
145,Kris_0806-0826.png,17,2023-06-08 08:26:00,17,1686212760.0,6,June,8,3,Thursday,0,8
146,Kris_1008-1451.png,35,2023-08-10 14:51:00,35,1691679060.0,8,August,10,3,Thursday,0,14
147,Kris_2506-0330.png,10,2023-06-25 03:30:00,10,1687663800.0,6,June,25,6,Sunday,0,3
148,Kris_1008-0849.png,27,2023-08-10 08:49:00,27,1691657340.0,8,August,10,3,Thursday,0,8
149,Kris_0408-1908.png,2,2023-08-04 19:08:00,2,1691176080.0,8,August,4,4,Friday,0,19
150,Kris_1008-0448.png,16,2023-08-10 04:48:00,16,1691642880.0,8,August,10,3,Thursday,0,4
151,Kris_1306-2319.png,7,2023-06-13 23:19:00,7,1686698340.0,6,June,13,1,Tuesday,0,23
152,Kris_0608-1218.png,5,2023-08-06 12:18:00,5,1691324280.0,8,August,6,6,Sunday,0,12
153,Kris_2006-0922.png,25,2023-06-20 09:22:00,25,1687252920.0,6,June,20,1,Tuesday,0,9
154,Kris_1408-0724.png,2,2023-08-14 07:24:00,2,1691997840.0,8,August,14,0,Monday,0,7
155,Kris_0706-1748.png,25,2023-06-07 17:48:00,25,1686160080.0,6,June,7,2,Wednesday,0,17
156,Kris_1106-1756.png,12,2023-06-11 17:56:00,12,1686506160.0,6,June,11,6,Sunday,0,17
157,Kris_2406-1754.png,8,2023-06-24 17:54:00,8,1687629240.0,6,June,24,5,Saturday,0,17
158,Kris_1406-0120.png,7,2023-06-14 01:20:00,7,1686705600.0,6,June,14,2,Wednesday,0,1
159,Kris_1406-0653.png,21,2023-06-14 06:53:00,21,1686725580.0,6,June,14,2,Wednesday,0,6
160,Kris_1008-1150.png,28,2023-08-10 11:50:00,28,1691668200.0,8,August,10,3,Thursday,0,11
161,Kris_1406-0854.png,24,2023-06-14 08:54:00,24,1686732840.0,6,June,14,2,Wednesday,0,8
162,Kris_0608-0516.png,5,2023-08-06 05:16:00,5,1691298960.0,8,August,6,6,Sunday,0,5
163,Kris_2606-1503.png,32,2023-06-26 15:03:00,32,1687791780.0,6,June,26,0,Monday,0,15
164,Kris_0308-0404.png,1,2023-08-03 04:04:00,1,1691035440.0,8,August,3,3,Thursday,0,4
165,Kris_1006-1412.png,26,2023-06-10 14:12:00,26,1686406320.0,6,June,10,5,Saturday,0,14
166,Kris_0708-2359.png,2,2023-08-07 23:59:00,2,1691452740.0,8,August,7,0,Monday,0,23
167,Kris_0608-1419.png,7,2023-08-06 14:19:00,7,1691331540.0,8,August,6,6,Sunday,0,14
168,Kris_0606-2036.png,5,2023-06-06 20:36:00,5,1686083760.0,6,June,6,1,Tuesday,0,20
169,Kris_1706-2202.png,22,2023-06-17 22:02:00,22,1687039320.0,6,June,17,5,Saturday,0,22
170,Kris_1406-0452.png,22,2023-06-14 04:52:00,22,1686718320.0,6,June,14,2,Wednesday,0,4
171,Kris_1406-1257.png,18,2023-06-14 12:57:00,18,1686747420.0,6,June,14,2,Wednesday,0,12
172,Kris_1308-2252.png,0,2023-08-13 22:52:00,0,1691967120.0,8,August,13,6,Sunday,0,22
173,Kris_0508-1412.png,8,2023-08-05 14:12:00,8,1691244720.0,8,August,5,5,Saturday,0,14
174,Kris_0808-0300.png,0,2023-08-08 03:00:00,0,1691463600.0,8,August,8,1,Tuesday,0,3
175,Kris_1008-1521.png,31,2023-08-10 15:21:00,31,1691680860.0,8,August,10,3,Thursday,0,15
176,Kris_0908-0537.png,18,2023-08-09 05:37:00,18,1691559420.0,8,August,9,2,Wednesday,0,5
177,Kris_1408-0755.png,3,2023-08-14 07:55:00,3,1691999700.0,8,August,14,0,Monday,0,7
178,Kris_1906-1453.png,33,2023-06-19 14:53:00,33,1687186380.0,6,June,19,0,Monday,0,14
179,Kris_2506-0316.png,7,2023-06-25 03:16:00,7,1687662960.0,6,June,25,6,Sunday,0,3
180,Kris_0208-2203.png,2,2023-08-02 22:03:00,2,1691013780.0,8,August,2,2,Wednesday,0,22
181,Kris_0208-1631.png,2,2023-08-02 16:31:00,2,1690993860.0,8,August,2,2,Wednesday,0,16
182,Kris_1206-2033.png,6,2023-06-12 20:33:00,6,1686601980.0,6,June,12,0,Monday,0,20
183,Kris_0908-2146.png,8,2023-08-09 21:46:00,8,1691617560.0,8,August,9,2,Wednesday,0,21
184,Kris_2606-1402.png,31,2023-06-26 14:02:00,31,1687788120.0,6,June,26,0,Monday,0,14
185,Kris_0408-2008.png,0,2023-08-04 20:08:00,0,1691179680.0,8,August,4,4,Friday,0,20
186,Kris_2506-0717.png,11,2023-06-25 07:17:00,11,1687677420.0,6,June,25,6,Sunday,0,7
187,Kris_1306-1544.png,40,2023-06-13 15:44:00,40,1686671040.0,6,June,13,1,Tuesday,0,15
188,Kris_0408-1807.png,0,2023-08-04 18:07:00,0,1691172420.0,8,August,4,4,Friday,0,18
189,Kris_1406-1327.png,25,2023-06-14 13:27:00,25,1686749220.0,6,June,14,2,Wednesday,0,13
190,Kris_1308-2353.png,0,2023-08-13 23:53:00,0,1691970780.0,8,August,13,6,Sunday,0,23
191,Kris_0908-1039.png,23,2023-08-09 10:39:00,23,1691577540.0,8,August,9,2,Wednesday,0,10
192,Kris_0908-0708.png,23,2023-08-09 07:08:00,23,1691564880.0,8,August,9,2,Wednesday,0,7
193,Kris_0408-2138.png,0,2023-08-04 21:38:00,0,1691185080.0,8,August,4,4,Friday,0,21
194,Kris_2606-1353.png,31,2023-06-26 13:53:00,31,1687787580.0,6,June,26,0,Monday,0,13
195,Kris_1206-2103.png,10,2023-06-12 21:03:00,10,1686603780.0,6,June,12,0,Monday,0,21
196,Kris_0808-1032.png,22,2023-08-08 10:32:00,22,1691490720.0,8,August,8,1,Tuesday,0,10
197,Kris_2006-0924.png,23,2023-06-20 09:24:00,23,1687253040.0,6,June,20,1,Tuesday,0,9
198,Kris_0208-1401.png,2,2023-08-02 14:01:00,2,1690984860.0,8,August,2,2,Wednesday,0,14
199,Kris_1008-2053.png,28,2023-08-10 20:53:00,28,1691700780.0,8,August,10,3,Thursday,0,20
200,Kris_0508-2245.png,0,2023-08-05 22:45:00,0,1691275500.0,8,August,5,5,Saturday,0,22
201,Kris_0908-1239.png,21,2023-08-09 12:39:00,21,1691584740.0,8,August,9,2,Wednesday,0,12
202,Kris_1006-0940.png,3,2023-06-10 09:40:00,3,1686390000.0,6,June,10,5,Saturday,0,9
203,Kris_1408-1226.png,2,2023-08-14 12:26:00,2,1692015960.0,8,August,14,0,Monday,0,12
204,Kris_1106-1354.png,22,2023-06-11 13:54:00,22,1686491640.0,6,June,11,6,Sunday,0,13
205,Kris_1906-1712.png,28,2023-06-19 17:12:00,28,1687194720.0,6,June,19,0,Monday,0,17
206,Kris_1106-0721.png,6,2023-06-11 07:21:00,6,1686468060.0,6,June,11,6,Sunday,0,7
207,Kris_0508-0340.png,1,2023-08-05 03:40:00,1,1691206800.0,8,August,5,5,Saturday,0,3
208,Kris_0608-0747.png,5,2023-08-06 07:47:00,5,1691308020.0,8,August,6,6,Sunday,0,7
209,Kris_0806-1128.png,28,2023-06-08 11:28:00,28,1686223680.0,6,June,8,3,Thursday,0,11
210,Kris_1306-1041.png,29,2023-06-13 10:41:00,29,1686652860.0,6,June,13,1,Tuesday,0,10
211,Kris_1706-2333.png,11,2023-06-17 23:33:00,11,1687044780.0,6,June,17,5,Saturday,0,23
212,Kris_1406-0251.png,10,2023-06-14 02:51:00,10,1686711060.0,6,June,14,2,Wednesday,0,2
213,Kris_1006-0307.png,9,2023-06-10 03:07:00,9,1686366420.0,6,June,10,5,Saturday,0,3
214,Kris_0906-1315.png,5,2023-06-09 13:15:00,5,1686316500.0,6,June,9,4,Friday,0,13
215,Kris_1106-1052.png,16,2023-06-11 10:52:00,16,1686480720.0,6,June,11,6,Sunday,0,10
216,Kris_2006-1021.png,31,2023-06-20 10:21:00,31,1687256460.0,6,June,20,1,Tuesday,0,10
217,Kris_0808-1203.png,36,2023-08-08 12:03:00,36,1691496180.0,8,August,8,1,Tuesday,0,12
218,Kris_0906-2234.png,3,2023-06-09 22:34:00,3,1686350040.0,6,June,9,4,Friday,0,22
219,Kris_2506-0138.png,8,2023-06-25 01:38:00,8,1687657080.0,6,June,25,6,Sunday,0,1
220,Kris_0808-1734.png,28,2023-08-08 17:34:00,28,1691516040.0,8,August,8,1,Tuesday,0,17
221,Kris_2606-1132.png,25,2023-06-26 11:32:00,25,1687779120.0,6,June,26,0,Monday,0,11
222,Kris_2506-0156.png,12,2023-06-25 01:56:00,12,1687658160.0,6,June,25,6,Sunday,0,1
223,Kris_0808-1533.png,30,2023-08-08 15:33:00,30,1691508780.0,8,August,8,1,Tuesday,0,15
224,Kris_0408-0240.png,3,2023-08-04 02:40:00,3,1691116800.0,8,August,4,4,Friday,0,2
225,Kris_0906-2134.png,1,2023-06-09 21:34:00,1,1686346440.0,6,June,9,4,Friday,0,21
226,Kris_1408-0825.png,4,2023-08-14 08:25:00,4,1692001500.0,8,August,14,0,Monday,0,8
227,Kris_1906-2018.png,28,2023-06-19 20:18:00,28,1687205880.0,6,June,19,0,Monday,0,20
228,Kris_1906-1807.png,19,2023-06-19 18:07:00,19,1687198020.0,6,June,19,0,Monday,0,18
229,Kris_0308-1638.png,2,2023-08-03 16:38:00,2,1691080680.0,8,August,3,3,Thursday,0,16
230,Kris_0508-2215.png,1,2023-08-05 22:15:00,1,1691273700.0,8,August,5,5,Saturday,0,22
231,Kris_0908-1410.png,33,2023-08-09 14:10:00,33,1691590200.0,8,August,9,2,Wednesday,0,14
232,Kris_1308-0117.png,0,2023-08-13 01:17:00,0,1691889420.0,8,August,13,6,Sunday,0,1
233,Kris_1006-0206.png,5,2023-06-10 02:06:00,5,1686362760.0,6,June,10,5,Saturday,0,2
234,Kris_0806-0123.png,10,2023-06-08 01:23:00,10,1686187380.0,6,June,8,3,Thursday,0,1
235,Kris_2606-0228.png,6,2023-06-26 02:28:00,6,1687746480.0,6,June,26,0,Monday,0,2
236,Kris_0908-0437.png,8,2023-08-09 04:37:00,8,1691555820.0,8,August,9,2,Wednesday,0,4
237,Kris_0708-1758.png,25,2023-08-07 17:58:00,25,1691431080.0,8,August,7,0,Monday,0,17
238,Kris_0908-0407.png,6,2023-08-09 04:07:00,6,1691554020.0,8,August,9,2,Wednesday,0,4
239,Kris_1408-0955.png,3,2023-08-14 09:55:00,3,1692006900.0,8,August,14,0,Monday,0,9
240,Kris_0408-2309.png,1,2023-08-04 23:09:00,1,1691190540.0,8,August,4,4,Friday,0,23
241,Kris_1308-0949.png,0,2023-08-13 09:49:00,0,1691920140.0,8,August,13,6,Sunday,0,9
242,Kris_1006-0508.png,7,2023-06-10 05:08:00,7,1686373680.0,6,June,10,5,Saturday,0,5
243,Kris_0706-0008.png,3,2023-06-07 00:08:00,3,1686096480.0,6,June,7,2,Wednesday,0,0
244,Kris_0806-1801.png,29,2023-06-08 18:01:00,29,1686247260.0,6,June,8,3,Thursday,0,18
245,Kris_0408-2108.png,0,2023-08-04 21:08:00,0,1691183280.0,8,August,4,4,Friday,0,21
246,Kris_0808-1503.png,32,2023-08-08 15:03:00,32,1691506980.0,8,August,8,1,Tuesday,0,15
247,Kris_0308-2109.png,0,2023-08-03 21:09:00,0,1691096940.0,8,August,3,3,Thursday,0,21
248,Kris_0408-1143.png,3,2023-08-04 11:43:00,3,1691149380.0,8,August,4,4,Friday,0,11
249,Kris_1106-0952.png,15,2023-06-11 09:52:00,15,1686477120.0,6,June,11,6,Sunday,0,9
250,Kris_0908-2317.png,9,2023-08-09 23:17:00,9,1691623020.0,8,August,9,2,Wednesday,0,23
251,Kris_1408-0855.png,6,2023-08-14 08:55:00,6,1692003300.0,8,August,14,0,Monday,0,8
252,Kris_1906-2112.png,19,2023-06-19 21:12:00,19,1687209120.0,6,June,19,0,Monday,0,21
253,Kris_0706-1517.png,34,2023-06-07 15:17:00,34,1686151020.0,6,June,7,2,Wednesday,0,15
254,Kris_2506-1904.png,8,2023-06-25 19:04:00,8,1687719840.0,6,June,25,6,Sunday,0,19
255,Kris_1408-0925.png,2,2023-08-14 09:25:00,2,1692005100.0,8,August,14,0,Monday,0,9
256,Kris_0308-1136.png,3,2023-08-03 11:36:00,3,1691062560.0,8,August,3,3,Thursday,0,11
257,Kris_2006-0652.png,29,2023-06-20 06:52:00,29,1687243920.0,6,June,20,1,Tuesday,0,6
258,Kris_2006-0305.png,2,2023-06-20 03:05:00,2,1687230300.0,6,June,20,1,Tuesday,0,3
259,Kris_2606-1944.png,24,2023-06-26 19:44:00,24,1687808640.0,6,June,26,0,Monday,0,19
260,Kris_1806-0104.png,9,2023-06-18 01:04:00,9,1687050240.0,6,June,18,6,Sunday,0,1
261,Kris_1706-1559.png,33,2023-06-17 15:59:00,33,1687017540.0,6,June,17,5,Saturday,0,15
262,Kris_2506-1220.png,13,2023-06-25 12:20:00,13,1687695600.0,6,June,25,6,Sunday,0,12
263,Kris_1406-1156.png,28,2023-06-14 11:56:00,28,1686743760.0,6,June,14,2,Wednesday,0,11
264,Kris_0208-1601.png,3,2023-08-02 16:01:00,3,1690992060.0,8,August,2,2,Wednesday,0,16
265,Kris_0308-0836.png,1,2023-08-03 08:36:00,1,1691051760.0,8,August,3,3,Thursday,0,8
266,Kris_1406-1226.png,19,2023-06-14 12:26:00,19,1686745560.0,6,June,14,2,Wednesday,0,12
267,Kris_1206-1353.png,36,2023-06-12 13:53:00,36,1686577980.0,6,June,12,0,Monday,0,13
268,Kris_1206-1731.png,25,2023-06-12 17:31:00,25,1686591060.0,6,June,12,0,Monday,0,17
269,Kris_1106-2127.png,11,2023-06-11 21:27:00,11,1686518820.0,6,June,11,6,Sunday,0,21
270,Kris_1106-0117.png,11,2023-06-11 01:17:00,11,1686446220.0,6,June,11,6,Sunday,0,1
271,Kris_2006-1000.png,21,2023-06-20 10:00:00,21,1687255200.0,6,June,20,1,Tuesday,0,10
272,Kris_1806-0336.png,6,2023-06-18 03:36:00,6,1687059360.0,6,June,18,6,Sunday,0,3
273,Kris_0908-1008.png,27,2023-08-09 10:08:00,27,1691575680.0,8,August,9,2,Wednesday,0,10
274,Kris_0608-0145.png,1,2023-08-06 01:45:00,1,1691286300.0,8,August,6,6,Sunday,0,1
275,Kris_1106-0449.png,19,2023-06-11 04:49:00,19,1686458940.0,6,June,11,6,Sunday,0,4
276,Kris_2606-1322.png,25,2023-06-26 13:22:00,25,1687785720.0,6,June,26,0,Monday,0,13
277,Kris_0708-2159.png,4,2023-08-07 21:59:00,4,1691445540.0,8,August,7,0,Monday,0,21
278,Kris_0706-1818.png,17,2023-06-07 18:18:00,17,1686161880.0,6,June,7,2,Wednesday,0,18
279,Kris_2606-0452.png,17,2023-06-26 04:52:00,17,1687755120.0,6,June,26,0,Monday,0,4
280,Kris_1006-1744.png,21,2023-06-10 17:44:00,21,1686419040.0,6,June,10,5,Saturday,0,17
281,Kris_1906-1834.png,29,2023-06-19 18:34:00,29,1687199640.0,6,June,19,0,Monday,0,18
282,Kris_2506-0622.png,13,2023-06-25 06:22:00,13,1687674120.0,6,June,25,6,Sunday,0,6
283,Kris_1006-1312.png,26,2023-06-10 13:12:00,26,1686402720.0,6,June,10,5,Saturday,0,13
284,Kris_0706-0944.png,25,2023-06-07 09:44:00,25,1686131040.0,6,June,7,2,Wednesday,0,9
285,Kris_1406-0824.png,15,2023-06-14 08:24:00,15,1686731040.0,6,June,14,2,Wednesday,0,8
286,Kris_0706-1919.png,16,2023-06-07 19:19:00,16,1686165540.0,6,June,7,2,Wednesday,0,19
287,Kris_2406-2257.png,3,2023-06-24 22:57:00,3,1687647420.0,6,June,24,5,Saturday,0,22
288,Kris_0908-0136.png,5,2023-08-09 01:36:00,5,1691544960.0,8,August,9,2,Wednesday,0,1
289,Kris_0706-0340.png,10,2023-06-07 03:40:00,10,1686109200.0,6,June,7,2,Wednesday,0,3
290,Kris_1806-0406.png,4,2023-06-18 04:06:00,4,1687061160.0,6,June,18,6,Sunday,0,4
291,Kris_1106-2057.png,8,2023-06-11 20:57:00,8,1686517020.0,6,June,11,6,Sunday,0,20
292,Kris_0906-1244.png,3,2023-06-09 12:44:00,3,1686314640.0,6,June,9,4,Friday,0,12
293,Kris_0708-1658.png,31,2023-08-07 16:58:00,31,1691427480.0,8,August,7,0,Monday,0,16
294,Kris_1008-2323.png,9,2023-08-10 23:23:00,9,1691709780.0,8,August,10,3,Thursday,0,23
295,Kris_0308-1036.png,5,2023-08-03 10:36:00,5,1691058960.0,8,August,3,3,Thursday,0,10
296,Kris_1308-0247.png,0,2023-08-13 02:47:00,0,1691894820.0,8,August,13,6,Sunday,0,2
297,Kris_1308-1220.png,0,2023-08-13 12:20:00,0,1691929200.0,8,August,13,6,Sunday,0,12
298,Kris_1308-0548.png,0,2023-08-13 05:48:00,0,1691905680.0,8,August,13,6,Sunday,0,5
299,Kris_2406-2346.png,10,2023-06-24 23:46:00,10,1687650360.0,6,June,24,5,Saturday,0,23
300,Kris_0708-1828.png,21,2023-08-07 18:28:00,21,1691432880.0,8,August,7,0,Monday,0,18
301,Kris_0606-2207.png,7,2023-06-06 22:07:00,7,1686089220.0,6,June,6,1,Tuesday,0,22
302,Kris_0308-2340.png,1,2023-08-03 23:40:00,1,1691106000.0,8,August,3,3,Thursday,0,23
303,Kris_1906-1542.png,35,2023-06-19 15:42:00,35,1687189320.0,6,June,19,0,Monday,0,15
304,Kris_2506-2014.png,8,2023-06-25 20:14:00,8,1687724040.0,6,June,25,6,Sunday,0,20
305,Kris_0608-0346.png,2,2023-08-06 03:46:00,2,1691293560.0,8,August,6,6,Sunday,0,3
306,Kris_0408-0842.png,1,2023-08-04 08:42:00,1,1691138520.0,8,August,4,4,Friday,0,8
307,Kris_2606-0740.png,16,2023-06-26 07:40:00,16,1687765200.0,6,June,26,0,Monday,0,7
308,Kris_1806-1009.png,19,2023-06-18 10:09:00,19,1687082940.0,6,June,18,6,Sunday,0,10
309,Kris_1106-2158.png,9,2023-06-11 21:58:00,9,1686520680.0,6,June,11,6,Sunday,0,21
310,Kris_0808-1433.png,32,2023-08-08 14:33:00,32,1691505180.0,8,August,8,1,Tuesday,0,14
311,Kris_0308-0906.png,2,2023-08-03 09:06:00,2,1691053560.0,8,August,3,3,Thursday,0,9
312,Kris_0908-2217.png,9,2023-08-09 22:17:00,9,1691619420.0,8,August,9,2,Wednesday,0,22
313,Kris_1008-0518.png,14,2023-08-10 05:18:00,14,1691644680.0,8,August,10,3,Thursday,0,5
314,Kris_0806-0555.png,19,2023-06-08 05:55:00,19,1686203700.0,6,June,8,3,Thursday,0,5
315,Kris_0808-1904.png,34,2023-08-08 19:04:00,34,1691521440.0,8,August,8,1,Tuesday,0,19
316,Kris_2006-1239.png,25,2023-06-20 12:39:00,25,1687264740.0,6,June,20,1,Tuesday,0,12
317,Kris_2606-0355.png,14,2023-06-26 03:55:00,14,1687751700.0,6,June,26,0,Monday,0,3
318,Kris_1308-1551.png,0,2023-08-13 15:51:00,0,1691941860.0,8,August,13,6,Sunday,0,15
319,Kris_0806-1630.png,25,2023-06-08 16:30:00,25,1686241800.0,6,June,8,3,Thursday,0,16
320,Kris_1206-2134.png,15,2023-06-12 21:34:00,15,1686605640.0,6,June,12,0,Monday,0,21
321,Kris_1106-0821.png,10,2023-06-11 08:21:00,10,1686471660.0,6,June,11,6,Sunday,0,8
322,Kris_1806-0939.png,24,2023-06-18 09:39:00,24,1687081140.0,6,June,18,6,Sunday,0,9
323,Kris_1306-1212.png,23,2023-06-13 12:12:00,23,1686658320.0,6,June,13,1,Tuesday,0,12
324,Kris_1306-2017.png,9,2023-06-13 20:17:00,9,1686687420.0,6,June,13,1,Tuesday,0,20
325,Kris_1408-1126.png,2,2023-08-14 11:26:00,2,1692012360.0,8,August,14,0,Monday,0,11
326,Kris_0908-1815.png,37,2023-08-09 18:15:00,37,1691604900.0,8,August,9,2,Wednesday,0,18
327,Kris_2506-0949.png,15,2023-06-25 09:49:00,15,1687686540.0,6,June,25,6,Sunday,0,9
328,Kris_2006-1107.png,26,2023-06-20 11:07:00,26,1687259220.0,6,June,20,1,Tuesday,0,11
329,Kris_2606-1306.png,22,2023-06-26 13:06:00,22,1687784760.0,6,June,26,0,Monday,0,13
330,Kris_2006-0817.png,32,2023-06-20 08:17:00,32,1687249020.0,6,June,20,1,Tuesday,0,8
331,Kris_2506-1158.png,17,2023-06-25 11:58:00,17,1687694280.0,6,June,25,6,Sunday,0,11
332,Kris_0808-1804.png,30,2023-08-08 18:04:00,30,1691517840.0,8,August,8,1,Tuesday,0,18
333,Kris_0708-1457.png,34,2023-08-07 14:57:00,34,1691420220.0,8,August,7,0,Monday,0,14
334,Kris_1906-2017.png,23,2023-06-19 20:17:00,23,1687205820.0,6,June,19,0,Monday,0,20
335,Kris_0508-0039.png,3,2023-08-05 00:39:00,3,1691195940.0,8,August,5,5,Saturday,0,0
336,Kris_1406-0150.png,5,2023-06-14 01:50:00,5,1686707400.0,6,June,14,2,Wednesday,0,1
337,Kris_0308-0234.png,1,2023-08-03 02:34:00,1,1691030040.0,8,August,3,3,Thursday,0,2
338,Kris_1008-0619.png,24,2023-08-10 06:19:00,24,1691648340.0,8,August,10,3,Thursday,0,6
339,Kris_1406-0020.png,6,2023-06-14 00:20:00,6,1686702000.0,6,June,14,2,Wednesday,0,0
340,Kris_0608-1449.png,5,2023-08-06 14:49:00,5,1691333340.0,8,August,6,6,Sunday,0,14
341,Kris_2406-1937.png,3,2023-06-24 19:37:00,3,1687635420.0,6,June,24,5,Saturday,0,19
342,Kris_1108-0224.png,8,2023-08-11 02:24:00,8,1691720640.0,8,August,11,4,Friday,0,2
343,Kris_0908-1846.png,24,2023-08-09 18:46:00,24,1691606760.0,8,August,9,2,Wednesday,0,18
344,Kris_0806-2203.png,8,2023-06-08 22:03:00,8,1686261780.0,6,June,8,3,Thursday,0,22
345,Kris_1406-0321.png,13,2023-06-14 03:21:00,13,1686712860.0,6,June,14,2,Wednesday,0,3
346,Kris_0806-0957.png,26,2023-06-08 09:57:00,26,1686218220.0,6,June,8,3,Thursday,0,9
347,Kris_0808-0801.png,20,2023-08-08 08:01:00,20,1691481660.0,8,August,8,1,Tuesday,0,8
348,Kris_1306-0709.png,15,2023-06-13 07:09:00,15,1686640140.0,6,June,13,1,Tuesday,0,7
349,Kris_0408-0441.png,4,2023-08-04 04:41:00,4,1691124060.0,8,August,4,4,Friday,0,4
350,Kris_0706-1617.png,33,2023-06-07 16:17:00,33,1686154620.0,6,June,7,2,Wednesday,0,16
351,Kris_0906-2335.png,3,2023-06-09 23:35:00,3,1686353700.0,6,June,9,4,Friday,0,23
352,Kris_0806-1731.png,28,2023-06-08 17:31:00,28,1686245460.0,6,June,8,3,Thursday,0,17
353,Kris_0508-2044.png,0,2023-08-05 20:44:00,0,1691268240.0,8,August,5,5,Saturday,0,20
354,Kris_0906-2204.png,2,2023-06-09 22:04:00,2,1686348240.0,6,June,9,4,Friday,0,22
355,Kris_0908-2347.png,11,2023-08-09 23:47:00,11,1691624820.0,8,August,9,2,Wednesday,0,23
356,Kris_0908-1339.png,33,2023-08-09 13:39:00,33,1691588340.0,8,August,9,2,Wednesday,0,13
357,Kris_0708-1427.png,3,2023-08-07 14:27:00,3,1691418420.0,8,August,7,0,Monday,0,14
358,Kris_1306-0337.png,17,2023-06-13 03:37:00,17,1686627420.0,6,June,13,1,Tuesday,0,3
359,Kris_0508-1643.png,0,2023-08-05 16:43:00,0,1691253780.0,8,August,5,5,Saturday,0,16
360,Kris_2006-1738.png,37,2023-06-20 17:38:00,37,1687282680.0,6,June,20,1,Tuesday,0,17
361,Kris_1008-1421.png,27,2023-08-10 14:21:00,27,1691677260.0,8,August,10,3,Thursday,0,14
362,Kris_0508-1944.png,0,2023-08-05 19:44:00,0,1691264640.0,8,August,5,5,Saturday,0,19
363,Kris_1106-1223.png,13,2023-06-11 12:23:00,13,1686486180.0,6,June,11,6,Sunday,0,12
364,Kris_1008-2153.png,7,2023-08-10 21:53:00,7,1691704380.0,8,August,10,3,Thursday,0,21
365,Kris_2006-0951.png,36,2023-06-20 09:51:00,36,1687254660.0,6,June,20,1,Tuesday,0,9
366,Kris_1306-2349.png,7,2023-06-13 23:49:00,7,1686700140.0,6,June,13,1,Tuesday,0,23
367,Kris_1008-2253.png,7,2023-08-10 22:53:00,7,1691707980.0,8,August,10,3,Thursday,0,22
368,Kris_1308-0518.png,0,2023-08-13 05:18:00,0,1691903880.0,8,August,13,6,Sunday,0,5
369,Kris_0308-2239.png,0,2023-08-03 22:39:00,0,1691102340.0,8,August,3,3,Thursday,0,22
370,Kris_0508-0911.png,3,2023-08-05 09:11:00,3,1691226660.0,8,August,5,5,Saturday,0,9
371,Kris_1906-1433.png,4,2023-06-19 14:33:00,4,1687185180.0,6,June,19,0,Monday,0,14
372,Kris_1308-0318.png,0,2023-08-13 03:18:00,0,1691896680.0,8,August,13,6,Sunday,0,3
373,Kris_1806-0235.png,7,2023-06-18 02:35:00,7,1687055700.0,6,June,18,6,Sunday,0,2
374,Kris_0808-1704.png,26,2023-08-08 17:04:00,26,1691514240.0,8,August,8,1,Tuesday,0,17
375,Kris_1308-1952.png,0,2023-08-13 19:52:00,0,1691956320.0,8,August,13,6,Sunday,0,19
376,Kris_0706-1416.png,28,2023-06-07 14:16:00,28,1686147360.0,6,June,7,2,Wednesday,0,14
377,Kris_1106-0520.png,20,2023-06-11 05:20:00,20,1686460800.0,6,June,11,6,Sunday,0,5
378,Kris_1006-1814.png,11,2023-06-10 18:14:00,11,1686420840.0,6,June,10,5,Saturday,0,18
379,Kris_0806-0253.png,12,2023-06-08 02:53:00,12,1686192780.0,6,June,8,3,Thursday,0,2
380,Kris_0806-1701.png,25,2023-06-08 17:01:00,25,1686243660.0,6,June,8,3,Thursday,0,17
381,Kris_0208-1902.png,2,2023-08-02 19:02:00,2,1691002920.0,8,August,2,2,Wednesday,0,19
382,Kris_2006-1134.png,30,2023-06-20 11:34:00,30,1687260840.0,6,June,20,1,Tuesday,0,11
383,Kris_1006-1211.png,16,2023-06-10 12:11:00,16,1686399060.0,6,June,10,5,Saturday,0,12
384,Kris_0608-1549.png,7,2023-08-06 15:49:00,7,1691336940.0,8,August,6,6,Sunday,0,15
385,Kris_1408-0053.png,0,2023-08-14 00:53:00,0,1691974380.0,8,August,14,0,Monday,0,0
386,Kris_1408-1025.png,3,2023-08-14 10:25:00,3,1692008700.0,8,August,14,0,Monday,0,10
387,Kris_0608-1349.png,9,2023-08-06 13:49:00,9,1691329740.0,8,August,6,6,Sunday,0,13
388,Kris_0808-1634.png,29,2023-08-08 16:34:00,29,1691512440.0,8,August,8,1,Tuesday,0,16
389,Kris_1906-2206.png,17,2023-06-19 22:06:00,17,1687212360.0,6,June,19,0,Monday,0,22
390,Kris_0408-0711.png,3,2023-08-04 07:11:00,3,1691133060.0,8,August,4,4,Friday,0,7
391,Kris_0508-0941.png,3,2023-08-05 09:41:00,3,1691228460.0,8,August,5,5,Saturday,0,9
392,Kris_1006-0236.png,3,2023-06-10 02:36:00,3,1686364560.0,6,June,10,5,Saturday,0,2
393,Kris_1806-0738.png,16,2023-06-18 07:38:00,16,1687073880.0,6,June,18,6,Sunday,0,7
394,Kris_0806-0726.png,18,2023-06-08 07:26:00,18,1686209160.0,6,June,8,3,Thursday,0,7
395,Kris_2006-1441.png,31,2023-06-20 14:41:00,31,1687272060.0,6,June,20,1,Tuesday,0,14
396,Kris_0408-0641.png,0,2023-08-04 06:41:00,0,1691131260.0,8,August,4,4,Friday,0,6
397,Kris_0808-1132.png,30,2023-08-08 11:32:00,30,1691494320.0,8,August,8,1,Tuesday,0,11
398,Kris_2406-1419.png,9,2023-06-24 14:19:00,9,1687616340.0,6,June,24,5,Saturday,0,14
399,Kris_1806-1110.png,26,2023-06-18 11:10:00,26,1687086600.0,6,June,18,6,Sunday,0,11
400,Kris_1706-1458.png,33,2023-06-17 14:58:00,33,1687013880.0,6,June,17,5,Saturday,0,14
401,Kris_1306-0407.png,19,2023-06-13 04:07:00,19,1686629220.0,6,June,13,1,Tuesday,0,4
402,Kris_0906-1647.png,4,2023-06-09 16:47:00,4,1686329220.0,6,June,9,4,Friday,0,16
403,Kris_0606-2106.png,9,2023-06-06 21:06:00,9,1686085560.0,6,June,6,1,Tuesday,0,21
404,Kris_0508-0310.png,1,2023-08-05 03:10:00,1,1691205000.0,8,August,5,5,Saturday,0,3
405,Kris_1008-0418.png,10,2023-08-10 04:18:00,10,1691641080.0,8,August,10,3,Thursday,0,4
406,Kris_2006-0624.png,28,2023-06-20 06:24:00,28,1687242240.0,6,June,20,1,Tuesday,0,6
407,Kris_1806-0034.png,6,2023-06-18 00:34:00,6,1687048440.0,6,June,18,6,Sunday,0,0
408,Kris_1308-0448.png,0,2023-08-13 04:48:00,0,1691902080.0,8,August,13,6,Sunday,0,4
409,Kris_0706-1949.png,7,2023-06-07 19:49:00,7,1686167340.0,6,June,7,2,Wednesday,0,19
410,Kris_1306-1644.png,24,2023-06-13 16:44:00,24,1686674640.0,6,June,13,1,Tuesday,0,16
411,Kris_0808-0100.png,7,2023-08-08 01:00:00,7,1691456400.0,8,August,8,1,Tuesday,0,1
412,Kris_0308-1537.png,1,2023-08-03 15:37:00,1,1691077020.0,8,August,3,3,Thursday,0,15
413,Kris_0608-0546.png,5,2023-08-06 05:46:00,5,1691300760.0,8,August,6,6,Sunday,0,5
414,Kris_0408-0411.png,3,2023-08-04 04:11:00,3,1691122260.0,8,August,4,4,Friday,0,4
415,Kris_0908-0908.png,23,2023-08-09 09:08:00,23,1691572080.0,8,August,9,2,Wednesday,0,9
416,Kris_2506-2005.png,8,2023-06-25 20:05:00,8,1687723500.0,6,June,25,6,Sunday,0,20
417,Kris_0706-0511.png,17,2023-06-07 05:11:00,17,1686114660.0,6,June,7,2,Wednesday,0,5
418,Kris_0908-0036.png,5,2023-08-09 00:36:00,5,1691541360.0,8,August,9,2,Wednesday,0,0
419,Kris_2006-0917.png,24,2023-06-20 09:17:00,24,1687252620.0,6,June,20,1,Tuesday,0,9
420,Kris_0508-0240.png,2,2023-08-05 02:40:00,2,1691203200.0,8,August,5,5,Saturday,0,2
421,Kris_1308-2322.png,0,2023-08-13 23:22:00,0,1691968920.0,8,August,13,6,Sunday,0,23
422,Kris_0708-1958.png,27,2023-08-07 19:58:00,27,1691438280.0,8,August,7,0,Monday,0,19
423,Kris_2406-1838.png,7,2023-06-24 18:38:00,7,1687631880.0,6,June,24,5,Saturday,0,18
424,Kris_2606-1024.png,23,2023-06-26 10:24:00,23,1687775040.0,6,June,26,0,Monday,0,10
425,Kris_1306-0910.png,19,2023-06-13 09:10:00,19,1686647400.0,6,June,13,1,Tuesday,0,9
426,Kris_1106-0248.png,10,2023-06-11 02:48:00,10,1686451680.0,6,June,11,6,Sunday,0,2
427,Kris_2506-1943.png,4,2023-06-25 19:43:00,4,1687722180.0,6,June,25,6,Sunday,0,19
428,Kris_0808-2105.png,22,2023-08-08 21:05:00,22,1691528700.0,8,August,8,1,Tuesday,0,21
429,Kris_0708-1557.png,27,2023-08-07 15:57:00,27,1691423820.0,8,August,7,0,Monday,0,15
430,Kris_0808-2336.png,3,2023-08-08 23:36:00,3,1691537760.0,8,August,8,1,Tuesday,0,23
431,Kris_1906-2241.png,15,2023-06-19 22:41:00,15,1687214460.0,6,June,19,0,Monday,0,22
432,Kris_0508-1513.png,4,2023-08-05 15:13:00,4,1691248380.0,8,August,5,5,Saturday,0,15
433,Kris_0508-0109.png,2,2023-08-05 01:09:00,2,1691197740.0,8,August,5,5,Saturday,0,1
434,Kris_1408-1156.png,2,2023-08-14 11:56:00,2,1692014160.0,8,August,14,0,Monday,0,11
435,Kris_0408-1707.png,1,2023-08-04 17:07:00,1,1691168820.0,8,August,4,4,Friday,0,17
436,Kris_2506-1132.png,14,2023-06-25 11:32:00,14,1687692720.0,6,June,25,6,Sunday,0,11
437,Kris_0808-0130.png,5,2023-08-08 01:30:00,5,1691458200.0,8,August,8,1,Tuesday,0,1
438,Kris_0308-0605.png,1,2023-08-03 06:05:00,1,1691042700.0,8,August,3,3,Thursday,0,6
439,Kris_0408-1537.png,1,2023-08-04 15:37:00,1,1691163420.0,8,August,4,4,Friday,0,15
440,Kris_0508-0510.png,1,2023-08-05 05:10:00,1,1691212200.0,8,August,5,5,Saturday,0,5
441,Kris_1408-0654.png,4,2023-08-14 06:54:00,4,1691996040.0,8,August,14,0,Monday,0,6
442,Kris_1106-0751.png,8,2023-06-11 07:51:00,8,1686469860.0,6,June,11,6,Sunday,0,7
443,Kris_0408-1012.png,2,2023-08-04 10:12:00,2,1691143920.0,8,August,4,4,Friday,0,10
444,Kris_0208-1832.png,0,2023-08-02 18:32:00,0,1691001120.0,8,August,2,2,Wednesday,0,18
445,Kris_1106-0419.png,21,2023-06-11 04:19:00,21,1686457140.0,6,June,11,6,Sunday,0,4
446,Kris_0908-0738.png,18,2023-08-09 07:38:00,18,1691566680.0,8,August,9,2,Wednesday,0,7
447,Kris_0308-1507.png,2,2023-08-03 15:07:00,2,1691075220.0,8,August,3,3,Thursday,0,15
448,Kris_0608-0446.png,3,2023-08-06 04:46:00,3,1691297160.0,8,August,6,6,Sunday,0,4
449,Kris_0408-0611.png,2,2023-08-04 06:11:00,2,1691129460.0,8,August,4,4,Friday,0,6
450,Kris_0908-2247.png,11,2023-08-09 22:47:00,11,1691621220.0,8,August,9,2,Wednesday,0,22
451,Kris_1306-2148.png,17,2023-06-13 21:48:00,17,1686692880.0,6,June,13,1,Tuesday,0,21
452,Kris_0708-2059.png,18,2023-08-07 20:59:00,18,1691441940.0,8,August,7,0,Monday,0,20
453,Kris_0708-2028.png,27,2023-08-07 20:28:00,27,1691440080.0,8,August,7,0,Monday,0,20
454,Kris_0208-1331.png,3,2023-08-02 13:31:00,3,1690983060.0,8,August,2,2,Wednesday,0,13
455,Kris_0308-0705.png,1,2023-08-03 07:05:00,1,1691046300.0,8,August,3,3,Thursday,0,7
456,Kris_2406-1514.png,17,2023-06-24 15:14:00,17,1687619640.0,6,June,24,5,Saturday,0,15
457,Kris_1706-1730.png,42,2023-06-17 17:30:00,42,1687023000.0,6,June,17,5,Saturday,0,17
458,Kris_0308-0735.png,1,2023-08-03 07:35:00,1,1691048100.0,8,August,3,3,Thursday,0,7
459,Kris_1008-0719.png,18,2023-08-10 07:19:00,18,1691651940.0,8,August,10,3,Thursday,0,7
460,Kris_0208-1333.png,21,2023-08-02 13:33:00,21,1690983180.0,8,August,2,2,Wednesday,0,13
461,Kris_0308-1838.png,0,2023-08-03 18:38:00,0,1691087880.0,8,August,3,3,Thursday,0,18
462,Kris_1008-1551.png,24,2023-08-10 15:51:00,24,1691682660.0,8,August,10,3,Thursday,0,15
463,Kris_0706-1014.png,21,2023-06-07 10:14:00,21,1686132840.0,6,June,7,2,Wednesday,0,10
464,Kris_1306-1917.png,10,2023-06-13 19:17:00,10,1686683820.0,6,June,13,1,Tuesday,0,19
465,Kris_0308-0635.png,0,2023-08-03 06:35:00,0,1691044500.0,8,August,3,3,Thursday,0,6
466,Kris_0908-2016.png,22,2023-08-09 20:16:00,22,1691612160.0,8,August,9,2,Wednesday,0,20
467,Kris_0706-0642.png,7,2023-06-07 06:42:00,7,1686120120.0,6,June,7,2,Wednesday,0,6
468,Kris_0508-2345.png,1,2023-08-05 23:45:00,1,1691279100.0,8,August,5,5,Saturday,0,23
469,Kris_1408-0153.png,3,2023-08-14 01:53:00,3,1691977980.0,8,August,14,0,Monday,0,1
470,Kris_0706-0541.png,13,2023-06-07 05:41:00,13,1686116460.0,6,June,7,2,Wednesday,0,5
471,Kris_0908-1109.png,24,2023-08-09 11:09:00,24,1691579340.0,8,August,9,2,Wednesday,0,11
472,Kris_0308-2009.png,0,2023-08-03 20:09:00,0,1691093340.0,8,August,3,3,Thursday,0,20
473,Kris_1306-1715.png,31,2023-06-13 17:15:00,31,1686676500.0,6,June,13,1,Tuesday,0,17
474,Kris_0608-1118.png,6,2023-08-06 11:18:00,6,1691320680.0,8,August,6,6,Sunday,0,11
475,Kris_2506-1836.png,11,2023-06-25 18:36:00,11,1687718160.0,6,June,25,6,Sunday,0,18
476,Kris_0808-1403.png,28,2023-08-08 14:03:00,28,1691503380.0,8,August,8,1,Tuesday,0,14
477,Kris_0408-2339.png,1,2023-08-04 23:39:00,1,1691192340.0,8,August,4,4,Friday,0,23
478,Kris_0608-1619.png,8,2023-08-06 16:19:00,8,1691338740.0,8,August,6,6,Sunday,0,16
479,Kris_1106-1153.png,20,2023-06-11 11:53:00,20,1686484380.0,6,June,11,6,Sunday,0,11
480,Kris_0608-0917.png,8,2023-08-06 09:17:00,8,1691313420.0,8,August,6,6,Sunday,0,9
481,Kris_1006-1241.png,18,2023-06-10 12:41:00,18,1686400860.0,6,June,10,5,Saturday,0,12
482,Kris_2606-1007.png,24,2023-06-26 10:07:00,24,1687774020.0,6,June,26,0,Monday,0,10
483,Kris_2606-0349.png,15,2023-06-26 03:49:00,15,1687751340.0,6,June,26,0,Monday,0,3
484,Kris_0508-0641.png,1,2023-08-05 06:41:00,1,1691217660.0,8,August,5,5,Saturday,0,6
485,Kris_0508-0209.png,6,2023-08-05 02:09:00,6,1691201340.0,8,August,5,5,Saturday,0,2
486,Kris_1206-1524.png,30,2023-06-12 15:24:00,30,1686583440.0,6,June,12,0,Monday,0,15
487,Kris_0608-0216.png,1,2023-08-06 02:16:00,1,1691288160.0,8,August,6,6,Sunday,0,2
488,Kris_1308-1651.png,0,2023-08-13 16:51:00,0,1691945460.0,8,August,13,6,Sunday,0,16
489,Kris_0808-1233.png,33,2023-08-08 12:33:00,33,1691497980.0,8,August,8,1,Tuesday,0,12
490,Kris_0808-0731.png,19,2023-08-08 07:31:00,19,1691479860.0,8,August,8,1,Tuesday,0,7
491,Kris_2406-2011.png,2,2023-06-24 20:11:00,2,1687637460.0,6,June,24,5,Saturday,0,20
492,Kris_1408-0023.png,0,2023-08-14 00:23:00,0,1691972580.0,8,August,14,0,Monday,0,0
493,Kris_1306-1111.png,28,2023-06-13 11:11:00,28,1686654660.0,6,June,13,1,Tuesday,0,11
494,Kris_0806-1902.png,15,2023-06-08 19:02:00,15,1686250920.0,6,June,8,3,Thursday,0,19
495,Kris_0508-0009.png,1,2023-08-05 00:09:00,1,1691194140.0,8,August,5,5,Saturday,0,0
496,Kris_1906-1917.png,32,2023-06-19 19:17:00,32,1687202220.0,6,June,19,0,Monday,0,19
497,Kris_0208-2103.png,0,2023-08-02 21:03:00,0,1691010180.0,8,August,2,2,Wednesday,0,21
498,Kris_0908-0236.png,6,2023-08-09 02:36:00,6,1691548560.0,8,August,9,2,Wednesday,0,2
499,Kris_1308-1751.png,0,2023-08-13 17:51:00,0,1691949060.0,8,August,13,6,Sunday,0,17
500,Kris_2006-1118.png,31,2023-06-20 11:18:00,31,1687259880.0,6,June,20,1,Tuesday,0,11
501,Kris_1306-1816.png,23,2023-06-13 18:16:00,23,1686680160.0,6,June,13,1,Tuesday,0,18
502,Kris_0706-0611.png,13,2023-06-07 06:11:00,13,1686118260.0,6,June,7,2,Wednesday,0,6
503,Kris_1308-1119.png,0,2023-08-13 11:19:00,0,1691925540.0,8,August,13,6,Sunday,0,11
504,Kris_1008-2022.png,28,2023-08-10 20:22:00,28,1691698920.0,8,August,10,3,Thursday,0,20
505,Kris_2006-0213.png,4,2023-06-20 02:13:00,4,1687227180.0,6,June,20,1,Tuesday,0,2
506,Kris_2006-0913.png,28,2023-06-20 09:13:00,28,1687252380.0,6,June,20,1,Tuesday,0,9
507,Kris_2506-2040.png,6,2023-06-25 20:40:00,6,1687725600.0,6,June,25,6,Sunday,0,20
508,Kris_1106-1253.png,11,2023-06-11 12:53:00,11,1686487980.0,6,June,11,6,Sunday,0,12
509,Kris_0508-2014.png,0,2023-08-05 20:14:00,0,1691266440.0,8,August,5,5,Saturday,0,20
510,Kris_1206-1933.png,13,2023-06-12 19:33:00,13,1686598380.0,6,June,12,0,Monday,0,19
511,Kris_1308-0147.png,0,2023-08-13 01:47:00,0,1691891220.0,8,August,13,6,Sunday,0,1
512,Kris_2606-0530.png,15,2023-06-26 05:30:00,15,1687757400.0,6,June,26,0,Monday,0,5
513,Kris_1306-0608.png,12,2023-06-13 06:08:00,12,1686636480.0,6,June,13,1,Tuesday,0,6
514,Kris_0508-1011.png,3,2023-08-05 10:11:00,3,1691230260.0,8,August,5,5,Saturday,0,10
515,Kris_1306-0035.png,15,2023-06-13 00:35:00,15,1686616500.0,6,June,13,1,Tuesday,0,0
516,Kris_2506-2318.png,7,2023-06-25 23:18:00,7,1687735080.0,6,June,25,6,Sunday,0,23
517,Kris_0508-1042.png,1,2023-08-05 10:42:00,1,1691232120.0,8,August,5,5,Saturday,0,10
518,Kris_0308-1608.png,3,2023-08-03 16:08:00,3,1691078880.0,8,August,3,3,Thursday,0,16
519,Kris_0706-1215.png,25,2023-06-07 12:15:00,25,1686140100.0,6,June,7,2,Wednesday,0,12
520,Kris_0608-1719.png,5,2023-08-06 17:19:00,5,1691342340.0,8,August,6,6,Sunday,0,17
521,Kris_0308-1407.png,0,2023-08-03 14:07:00,0,1691071620.0,8,August,3,3,Thursday,0,14
522,Kris_1806-0506.png,12,2023-06-18 05:06:00,12,1687064760.0,6,June,18,6,Sunday,0,5
523,Kris_1006-1141.png,15,2023-06-10 11:41:00,15,1686397260.0,6,June,10,5,Saturday,0,11
524,Kris_2606-1017.png,21,2023-06-26 10:17:00,21,1687774620.0,6,June,26,0,Monday,0,10
525,Kris_1008-2223.png,8,2023-08-10 22:23:00,8,1691706180.0,8,August,10,3,Thursday,0,22
526,Kris_1006-2115.png,17,2023-06-10 21:15:00,17,1686431700.0,6,June,10,5,Saturday,0,21
527,Kris_1006-1513.png,17,2023-06-10 15:13:00,17,1686409980.0,6,June,10,5,Saturday,0,15
528,Kris_1806-0607.png,13,2023-06-18 06:07:00,13,1687068420.0,6,June,18,6,Sunday,0,6
529,Kris_1306-1312.png,32,2023-06-13 13:12:00,32,1686661920.0,6,June,13,1,Tuesday,0,13
530,Kris_0806-0756.png,16,2023-06-08 07:56:00,16,1686210960.0,6,June,8,3,Thursday,0,7
531,Kris_0806-1459.png,25,2023-06-08 14:59:00,25,1686236340.0,6,June,8,3,Thursday,0,14
532,Kris_2506-0523.png,9,2023-06-25 05:23:00,9,1687670580.0,6,June,25,6,Sunday,0,5
533,Kris_0806-2103.png,9,2023-06-08 21:03:00,9,1686258180.0,6,June,8,3,Thursday,0,21
534,Kris_0508-0811.png,2,2023-08-05 08:11:00,2,1691223060.0,8,August,5,5,Saturday,0,8
535,Kris_0408-1413.png,0,2023-08-04 14:13:00,0,1691158380.0,8,August,4,4,Friday,0,14
536,Kris_2006-0501.png,25,2023-06-20 05:01:00,25,1687237260.0,6,June,20,1,Tuesday,0,5
537,Kris_0608-0817.png,6,2023-08-06 08:17:00,6,1691309820.0,8,August,6,6,Sunday,0,8
538,Kris_0308-0535.png,1,2023-08-03 05:35:00,1,1691040900.0,8,August,3,3,Thursday,0,5
539,Kris_0308-0204.png,0,2023-08-03 02:04:00,0,1691028240.0,8,August,3,3,Thursday,0,2
540,Kris_2006-1312.png,26,2023-06-20 13:12:00,26,1687266720.0,6,June,20,1,Tuesday,0,13
541,Kris_1906-1752.png,23,2023-06-19 17:52:00,23,1687197120.0,6,June,19,0,Monday,0,17
542,Kris_0608-0015.png,1,2023-08-06 00:15:00,1,1691280900.0,8,August,6,6,Sunday,0,0
543,Kris_1006-0739.png,2,2023-06-10 07:39:00,2,1686382740.0,6,June,10,5,Saturday,0,7
544,Kris_0508-0741.png,2,2023-08-05 07:41:00,2,1691221260.0,8,August,5,5,Saturday,0,7
545,Kris_1308-0648.png,0,2023-08-13 06:48:00,0,1691909280.0,8,August,13,6,Sunday,0,6
546,Kris_0208-2133.png,1,2023-08-02 21:33:00,1,1691011980.0,8,August,2,2,Wednesday,0,21
547,Kris_1308-0718.png,0,2023-08-13 07:18:00,0,1691911080.0,8,August,13,6,Sunday,0,7
548,Kris_1006-0608.png,4,2023-06-10 06:08:00,4,1686377280.0,6,June,10,5,Saturday,0,6
549,Kris_1308-1250.png,0,2023-08-13 12:50:00,0,1691931000.0,8,August,13,6,Sunday,0,12
550,Kris_2506-1457.png,21,2023-06-25 14:57:00,21,1687705020.0,6,June,25,6,Sunday,0,14
551,Kris_0708-2129.png,8,2023-08-07 21:29:00,8,1691443740.0,8,August,7,0,Monday,0,21
552,Kris_1108-0254.png,11,2023-08-11 02:54:00,11,1691722440.0,8,August,11,4,Friday,0,2
553,Kris_1008-1050.png,32,2023-08-10 10:50:00,32,1691664600.0,8,August,10,3,Thursday,0,10
554,Kris_0806-1158.png,25,2023-06-08 11:58:00,25,1686225480.0,6,June,8,3,Thursday,0,11
555,Kris_1308-1350.png,0,2023-08-13 13:50:00,0,1691934600.0,8,August,13,6,Sunday,0,13
556,Kris_2006-0402.png,19,2023-06-20 04:02:00,19,1687233720.0,6,June,20,1,Tuesday,0,4
557,Kris_1306-0206.png,13,2023-06-13 02:06:00,13,1686621960.0,6,June,13,1,Tuesday,0,2
558,Kris_1306-0236.png,12,2023-06-13 02:36:00,12,1686623760.0,6,June,13,1,Tuesday,0,2
559,Kris_1206-1902.png,11,2023-06-12 19:02:00,11,1686596520.0,6,June,12,0,Monday,0,19
560,Kris_0808-0230.png,2,2023-08-08 02:30:00,2,1691461800.0,8,August,8,1,Tuesday,0,2
561,Kris_1106-0851.png,13,2023-06-11 08:51:00,13,1686473460.0,6,June,11,6,Sunday,0,8
562,Kris_1308-1420.png,0,2023-08-13 14:20:00,0,1691936400.0,8,August,13,6,Sunday,0,14
563,Kris_1706-1931.png,41,2023-06-17 19:31:00,41,1687030260.0,6,June,17,5,Saturday,0,19
564,Kris_1306-2118.png,17,2023-06-13 21:18:00,17,1686691080.0,6,June,13,1,Tuesday,0,21
565,Kris_0308-2039.png,1,2023-08-03 20:39:00,1,1691095140.0,8,August,3,3,Thursday,0,20
566,Kris_0608-1048.png,6,2023-08-06 10:48:00,6,1691318880.0,8,August,6,6,Sunday,0,10
567,Kris_1108-0324.png,10,2023-08-11 03:24:00,10,1691724240.0,8,August,11,4,Friday,0,3
568,Kris_0508-1342.png,7,2023-08-05 13:42:00,7,1691242920.0,8,August,5,5,Saturday,0,13
569,Kris_2606-1208.png,26,2023-06-26 12:08:00,26,1687781280.0,6,June,26,0,Monday,0,12
570,Kris_1406-0553.png,19,2023-06-14 05:53:00,19,1686721980.0,6,June,14,2,Wednesday,0,5
571,Kris_1008-0348.png,11,2023-08-10 03:48:00,11,1691639280.0,8,August,10,3,Thursday,0,3
572,Kris_2006-0051.png,2,2023-06-20 00:51:00,2,1687222260.0,6,June,20,1,Tuesday,0,0
573,Kris_1008-1822.png,34,2023-08-10 18:22:00,34,1691691720.0,8,August,10,3,Thursday,0,18
574,Kris_1206-1454.png,33,2023-06-12 14:54:00,33,1686581640.0,6,June,12,0,Monday,0,14
575,Kris_1406-0724.png,8,2023-06-14 07:24:00,8,1686727440.0,6,June,14,2,Wednesday,0,7
576,Kris_0308-0104.png,2,2023-08-03 01:04:00,2,1691024640.0,8,August,3,3,Thursday,0,1
577,Kris_0408-0511.png,0,2023-08-04 05:11:00,0,1691125860.0,8,August,4,4,Friday,0,5
578,Kris_1306-2249.png,7,2023-06-13 22:49:00,7,1686696540.0,6,June,13,1,Tuesday,0,22
579,Kris_2006-1415.png,34,2023-06-20 14:15:00,34,1687270500.0,6,June,20,1,Tuesday,0,14
580,Kris_0606-2237.png,6,2023-06-06 22:37:00,6,1686091020.0,6,June,6,1,Tuesday,0,22
581,Kris_1006-0035.png,4,2023-06-10 00:35:00,4,1686357300.0,6,June,10,5,Saturday,0,0
582,Kris_2506-1557.png,19,2023-06-25 15:57:00,19,1687708620.0,6,June,25,6,Sunday,0,15
583,Kris_2506-1319.png,14,2023-06-25 13:19:00,14,1687699140.0,6,June,25,6,Sunday,0,13
584,Kris_1006-2146.png,22,2023-06-10 21:46:00,22,1686433560.0,6,June,10,5,Saturday,0,21
585,Kris_1706-2303.png,6,2023-06-17 23:03:00,6,1687042980.0,6,June,17,5,Saturday,0,23
586,Kris_0706-0410.png,19,2023-06-07 04:10:00,19,1686111000.0,6,June,7,2,Wednesday,0,4
587,Kris_1806-1241.png,35,2023-06-18 12:41:00,35,1687092060.0,6,June,18,6,Sunday,0,12
588,Kris_1308-1019.png,0,2023-08-13 10:19:00,0,1691921940.0,8,August,13,6,Sunday,0,10
589,Kris_1308-0217.png,0,2023-08-13 02:17:00,0,1691893020.0,8,August,13,6,Sunday,0,2
590,Kris_0308-0936.png,2,2023-08-03 09:36:00,2,1691055360.0,8,August,3,3,Thursday,0,9
591,Kris_1006-2216.png,23,2023-06-10 22:16:00,23,1686435360.0,6,June,10,5,Saturday,0,22
592,Kris_0706-1044.png,23,2023-06-07 10:44:00,23,1686134640.0,6,June,7,2,Wednesday,0,10
593,Kris_0608-0617.png,5,2023-08-06 06:17:00,5,1691302620.0,8,August,6,6,Sunday,0,6
594,Kris_0508-0440.png,4,2023-08-05 04:40:00,4,1691210400.0,8,August,5,5,Saturday,0,4
595,Kris_0808-1303.png,32,2023-08-08 13:03:00,32,1691499780.0,8,August,8,1,Tuesday,0,13
596,Kris_2606-0040.png,7,2023-06-26 00:40:00,7,1687740000.0,6,June,26,0,Monday,0,0
597,Kris_0808-1333.png,33,2023-08-08 13:33:00,33,1691501580.0,8,August,8,1,Tuesday,0,13
598,Kris_0808-2235.png,8,2023-08-08 22:35:00,8,1691534100.0,8,August,8,1,Tuesday,0,22
599,Kris_0908-0006.png,7,2023-08-09 00:06:00,7,1691539560.0,8,August,9,2,Wednesday,0,0
600,Kris_1006-1915.png,6,2023-06-10 19:15:00,6,1686424500.0,6,June,10,5,Saturday,0,19
601,Kris_0208-2333.png,1,2023-08-02 23:33:00,1,1691019180.0,8,August,2,2,Wednesday,0,23
602,Kris_1906-1631.png,28,2023-06-19 16:31:00,28,1687192260.0,6,June,19,0,Monday,0,16
603,Kris_0806-1429.png,28,2023-06-08 14:29:00,28,1686234540.0,6,June,8,3,Thursday,0,14
604,Kris_2506-1855.png,9,2023-06-25 18:55:00,9,1687719300.0,6,June,25,6,Sunday,0,18
605,Kris_1108-0054.png,10,2023-08-11 00:54:00,10,1691715240.0,8,August,11,4,Friday,0,0
606,Kris_1008-1321.png,29,2023-08-10 13:21:00,29,1691673660.0,8,August,10,3,Thursday,0,13
607,Kris_0208-2002.png,3,2023-08-02 20:02:00,3,1691006520.0,8,August,2,2,Wednesday,0,20
608,Kris_1006-0437.png,6,2023-06-10 04:37:00,6,1686371820.0,6,June,10,5,Saturday,0,4
609,Kris_0408-2208.png,0,2023-08-04 22:08:00,0,1691186880.0,8,August,4,4,Friday,0,22
610,Kris_1106-1625.png,19,2023-06-11 16:25:00,19,1686500700.0,6,June,11,6,Sunday,0,16
611,Kris_0408-1737.png,1,2023-08-04 17:37:00,1,1691170620.0,8,August,4,4,Friday,0,17
612,Kris_1106-1957.png,13,2023-06-11 19:57:00,13,1686513420.0,6,June,11,6,Sunday,0,19
613,Kris_0408-0310.png,3,2023-08-04 03:10:00,3,1691118600.0,8,August,4,4,Friday,0,3
614,Kris_1206-1624.png,21,2023-06-12 16:24:00,21,1686587040.0,6,June,12,0,Monday,0,16
615,Kris_1806-1140.png,35,2023-06-18 11:40:00,35,1687088400.0,6,June,18,6,Sunday,0,11
616,Kris_1006-0337.png,5,2023-06-10 03:37:00,5,1686368220.0,6,June,10,5,Saturday,0,3
617,Kris_0706-2050.png,6,2023-06-07 20:50:00,6,1686171000.0,6,June,7,2,Wednesday,0,20
618,Kris_1306-0840.png,15,2023-06-13 08:40:00,15,1686645600.0,6,June,13,1,Tuesday,0,8
619,Kris_2606-1630.png,25,2023-06-26 16:30:00,25,1687797000.0,6,June,26,0,Monday,0,16
620,Kris_2506-0044.png,12,2023-06-25 00:44:00,12,1687653840.0,6,June,25,6,Sunday,0,0
621,Kris_0508-1443.png,2,2023-08-05 14:43:00,2,1691246580.0,8,August,5,5,Saturday,0,14
622,Kris_0408-2239.png,0,2023-08-04 22:39:00,0,1691188740.0,8,August,4,4,Friday,0,22
623,Kris_2406-2238.png,14,2023-06-24 22:38:00,14,1687646280.0,6,June,24,5,Saturday,0,22
624,Kris_0806-1932.png,16,2023-06-08 19:32:00,16,1686252720.0,6,June,8,3,Thursday,0,19
625,Kris_2506-1417.png,17,2023-06-25 14:17:00,17,1687702620.0,6,June,25,6,Sunday,0,14
626,Kris_0408-1243.png,4,2023-08-04 12:43:00,4,1691152980.0,8,August,4,4,Friday,0,12
627,Kris_1006-0910.png,5,2023-06-10 09:10:00,5,1686388200.0,6,June,10,5,Saturday,0,9
628,Kris_1706-1830.png,0,2023-06-17 18:30:00,0,1687026600.0,6,June,17,5,Saturday,0,18
629,Kris_0706-1547.png,36,2023-06-07 15:47:00,36,1686152820.0,6,June,7,2,Wednesday,0,15
630,Kris_1008-0318.png,9,2023-08-10 03:18:00,9,1691637480.0,8,August,10,3,Thursday,0,3
631,Kris_1308-0348.png,0,2023-08-13 03:48:00,0,1691898480.0,8,August,13,6,Sunday,0,3
632,Kris_0706-1447.png,35,2023-06-07 14:47:00,35,1686149220.0,6,June,7,2,Wednesday,0,14
633,Kris_1306-0307.png,10,2023-06-13 03:07:00,10,1686625620.0,6,June,13,1,Tuesday,0,3
634,Kris_0608-0115.png,1,2023-08-06 01:15:00,1,1691284500.0,8,August,6,6,Sunday,0,1
635,Kris_1206-2204.png,10,2023-06-12 22:04:00,10,1686607440.0,6,June,12,0,Monday,0,22
636,Kris_0308-1938.png,1,2023-08-03 19:38:00,1,1691091480.0,8,August,3,3,Thursday,0,19
637,Kris_0308-1106.png,3,2023-08-03 11:06:00,3,1691060760.0,8,August,3,3,Thursday,0,11
638,Kris_0508-1212.png,3,2023-08-05 12:12:00,3,1691237520.0,8,August,5,5,Saturday,0,12
639,Kris_1106-0319.png,11,2023-06-11 03:19:00,11,1686453540.0,6,June,11,6,Sunday,0,3
640,Kris_0808-0631.png,8,2023-08-08 06:31:00,8,1691476260.0,8,August,8,1,Tuesday,0,6
641,Kris_1006-1040.png,20,2023-06-10 10:40:00,20,1686393600.0,6,June,10,5,Saturday,0,10
642,Kris_0608-1018.png,5,2023-08-06 10:18:00,5,1691317080.0,8,August,6,6,Sunday,0,10
643,Kris_2006-1855.png,32,2023-06-20 18:55:00,32,1687287300.0,6,June,20,1,Tuesday,0,18
644,Kris_1906-1434.png,26,2023-06-19 14:34:00,26,1687185240.0,6,June,19,0,Monday,0,14
645,Kris_2606-1643.png,29,2023-06-26 16:43:00,29,1687797780.0,6,June,26,0,Monday,0,16
646,Kris_0508-0540.png,2,2023-08-05 05:40:00,2,1691214000.0,8,August,5,5,Saturday,0,5
647,Kris_0908-0838.png,24,2023-08-09 08:38:00,24,1691570280.0,8,August,9,2,Wednesday,0,8
648,Kris_0508-0410.png,1,2023-08-05 04:10:00,1,1691208600.0,8,August,5,5,Saturday,0,4
649,Kris_0308-0334.png,1,2023-08-03 03:34:00,1,1691033640.0,8,August,3,3,Thursday,0,3
650,Kris_2506-0429.png,11,2023-06-25 04:29:00,11,1687667340.0,6,June,25,6,Sunday,0,4
651,Kris_1206-1832.png,12,2023-06-12 18:32:00,12,1686594720.0,6,June,12,0,Monday,0,18
652,Kris_0906-1345.png,7,2023-06-09 13:45:00,7,1686318300.0,6,June,9,4,Friday,0,13
653,Kris_1206-1554.png,26,2023-06-12 15:54:00,26,1686585240.0,6,June,12,0,Monday,0,15
654,Kris_1408-0554.png,4,2023-08-14 05:54:00,4,1691992440.0,8,August,14,0,Monday,0,5
655,Kris_2406-1716.png,11,2023-06-24 17:16:00,11,1687626960.0,6,June,24,5,Saturday,0,17
656,Kris_1006-0709.png,2,2023-06-10 07:09:00,2,1686380940.0,6,June,10,5,Saturday,0,7
657,Kris_1106-1826.png,16,2023-06-11 18:26:00,16,1686507960.0,6,June,11,6,Sunday,0,18
658,Kris_2506-1045.png,12,2023-06-25 10:45:00,12,1687689900.0,6,June,25,6,Sunday,0,10
659,Kris_0808-2135.png,11,2023-08-08 21:35:00,11,1691530500.0,8,August,8,1,Tuesday,0,21
660,Kris_1806-0205.png,4,2023-06-18 02:05:00,4,1687053900.0,6,June,18,6,Sunday,0,2
661,Kris_0908-1139.png,40,2023-08-09 11:39:00,40,1691581140.0,8,August,9,2,Wednesday,0,11
662,Kris_0208-1501.png,6,2023-08-02 15:01:00,6,1690988460.0,8,August,2,2,Wednesday,0,15
663,Kris_0808-0200.png,4,2023-08-08 02:00:00,4,1691460000.0,8,August,8,1,Tuesday,0,2
664,Kris_2606-1802.png,35,2023-06-26 18:02:00,35,1687802520.0,6,June,26,0,Monday,0,18
665,Kris_0706-0139.png,3,2023-06-07 01:39:00,3,1686101940.0,6,June,7,2,Wednesday,0,1
666,Kris_1006-1945.png,8,2023-06-10 19:45:00,8,1686426300.0,6,June,10,5,Saturday,0,19
667,Kris_1008-1351.png,30,2023-08-10 13:51:00,30,1691675460.0,8,August,10,3,Thursday,0,13
668,Kris_1308-1921.png,0,2023-08-13 19:21:00,0,1691954460.0,8,August,13,6,Sunday,0,19
669,Kris_2606-0817.png,18,2023-06-26 08:17:00,18,1687767420.0,6,June,26,0,Monday,0,8
670,Kris_1008-0819.png,29,2023-08-10 08:19:00,29,1691655540.0,8,August,10,3,Thursday,0,8
671,Kris_2606-0253.png,6,2023-06-26 02:53:00,6,1687747980.0,6,June,26,0,Monday,0,2
672,Kris_0508-0139.png,4,2023-08-05 01:39:00,4,1691199540.0,8,August,5,5,Saturday,0,1
673,Kris_0908-0808.png,22,2023-08-09 08:08:00,22,1691568480.0,8,August,9,2,Wednesday,0,8
674,Kris_0808-2205.png,6,2023-08-08 22:05:00,6,1691532300.0,8,August,8,1,Tuesday,0,22
675,Kris_2406-1506.png,15,2023-06-24 15:06:00,15,1687619160.0,6,June,24,5,Saturday,0,15
676,Kris_0308-1206.png,3,2023-08-03 12:06:00,3,1691064360.0,8,August,3,3,Thursday,0,12
677,Kris_1408-0524.png,4,2023-08-14 05:24:00,4,1691990640.0,8,August,14,0,Monday,0,5
678,Kris_1406-1357.png,31,2023-06-14 13:57:00,31,1686751020.0,6,June,14,2,Wednesday,0,13
679,Kris_1008-1752.png,36,2023-08-10 17:52:00,36,1691689920.0,8,August,10,3,Thursday,0,17
680,Kris_0806-1057.png,34,2023-06-08 10:57:00,34,1686221820.0,6,June,8,3,Thursday,0,10
681,Kris_2606-1112.png,22,2023-06-26 11:12:00,22,1687777920.0,6,June,26,0,Monday,0,11
682,Kris_1106-0922.png,13,2023-06-11 09:22:00,13,1686475320.0,6,June,11,6,Sunday,0,9
683,Kris_0808-1935.png,30,2023-08-08 19:35:00,30,1691523300.0,8,August,8,1,Tuesday,0,19
684,Kris_0706-0209.png,4,2023-06-07 02:09:00,4,1686103740.0,6,June,7,2,Wednesday,0,2
685,Kris_1406-0352.png,15,2023-06-14 03:52:00,15,1686714720.0,6,June,14,2,Wednesday,0,3
686,Kris_2606-0752.png,18,2023-06-26 07:52:00,18,1687765920.0,6,June,26,0,Monday,0,7
687,Kris_0808-2005.png,18,2023-08-08 20:05:00,18,1691525100.0,8,August,8,1,Tuesday,0,20
688,Kris_0706-1718.png,22,2023-06-07 17:18:00,22,1686158280.0,6,June,7,2,Wednesday,0,17
689,Kris_2506-1948.png,6,2023-06-25 19:48:00,6,1687722480.0,6,June,25,6,Sunday,0,19
690,Kris_0308-1808.png,0,2023-08-03 18:08:00,0,1691086080.0,8,August,3,3,Thursday,0,18
691,Kris_1406-0522.png,22,2023-06-14 05:22:00,22,1686720120.0,6,June,14,2,Wednesday,0,5
692,Kris_1006-0407.png,1,2023-06-10 04:07:00,1,1686370020.0,6,June,10,5,Saturday,0,4
693,Kris_0908-0106.png,3,2023-08-09 01:06:00,3,1691543160.0,8,August,9,2,Wednesday,0,1
694,Kris_2406-1459.png,14,2023-06-24 14:59:00,14,1687618740.0,6,June,24,5,Saturday,0,14
695,Kris_1706-1800.png,32,2023-06-17 18:00:00,32,1687024800.0,6,June,17,5,Saturday,0,18
696,Kris_1108-0024.png,10,2023-08-11 00:24:00,10,1691713440.0,8,August,11,4,Friday,0,0
697,Kris_0508-2114.png,0,2023-08-05 21:14:00,0,1691270040.0,8,August,5,5,Saturday,0,21
698,Kris_1106-1726.png,21,2023-06-11 17:26:00,21,1686504360.0,6,June,11,6,Sunday,0,17
699,Kris_2506-0828.png,8,2023-06-25 08:28:00,8,1687681680.0,6,June,25,6,Sunday,0,8
700,Kris_1006-2346.png,9,2023-06-10 23:46:00,9,1686440760.0,6,June,10,5,Saturday,0,23
701,Kris_2506-0626.png,12,2023-06-25 06:26:00,12,1687674360.0,6,June,25,6,Sunday,0,6
702,Kris_0806-1600.png,28,2023-06-08 16:00:00,28,1686240000.0,6,June,8,3,Thursday,0,16
703,Kris_0706-2151.png,3,2023-06-07 21:51:00,3,1686174660.0,6,June,7,2,Wednesday,0,21
704,Kris_0806-1359.png,25,2023-06-08 13:59:00,25,1686232740.0,6,June,8,3,Thursday,0,13
705,Kris_2406-1609.png,20,2023-06-24 16:09:00,20,1687622940.0,6,June,24,5,Saturday,0,16
706,Kris_1308-1520.png,0,2023-08-13 15:20:00,0,1691940000.0,8,August,13,6,Sunday,0,15
707,Kris_0706-2322.png,10,2023-06-07 23:22:00,10,1686180120.0,6,June,7,2,Wednesday,0,23
708,Kris_0706-0913.png,19,2023-06-07 09:13:00,19,1686129180.0,6,June,7,2,Wednesday,0,9
709,Kris_2606-1902.png,29,2023-06-26 19:02:00,29,1687806120.0,6,June,26,0,Monday,0,19
710,Kris_1106-0017.png,11,2023-06-11 00:17:00,11,1686442620.0,6,June,11,6,Sunday,0,0
711,Kris_0806-0223.png,8,2023-06-08 02:23:00,8,1686190980.0,6,June,8,3,Thursday,0,2
712,Kris_1106-2228.png,12,2023-06-11 22:28:00,12,1686522480.0,6,June,11,6,Sunday,0,22
713,Kris_1806-1210.png,30,2023-06-18 12:10:00,30,1687090200.0,6,June,18,6,Sunday,0,12
714,Kris_0608-0647.png,7,2023-08-06 06:47:00,7,1691304420.0,8,August,6,6,Sunday,0,6
715,Kris_2506-1410.png,14,2023-06-25 14:10:00,14,1687702200.0,6,June,25,6,Sunday,0,14
716,Kris_0608-0246.png,1,2023-08-06 02:46:00,1,1691289960.0,8,August,6,6,Sunday,0,2
717,Kris_2006-1921.png,28,2023-06-20 19:21:00,28,1687288860.0,6,June,20,1,Tuesday,0,19
718,Kris_0806-1530.png,27,2023-06-08 15:30:00,27,1686238200.0,6,June,8,3,Thursday,0,15
719,Kris_0708-2229.png,4,2023-08-07 22:29:00,4,1691447340.0,8,August,7,0,Monday,0,22
720,Kris_1106-1022.png,15,2023-06-11 10:22:00,15,1686478920.0,6,June,11,6,Sunday,0,10
721,Kris_0308-1437.png,0,2023-08-03 14:37:00,0,1691073420.0,8,August,3,3,Thursday,0,14
722,Kris_0606-2307.png,5,2023-06-06 23:07:00,5,1686092820.0,6,June,6,1,Tuesday,0,23
723,Kris_0208-2303.png,1,2023-08-02 23:03:00,1,1691017380.0,8,August,2,2,Wednesday,0,23
724,Kris_1706-1659.png,23,2023-06-17 16:59:00,23,1687021140.0,6,June,17,5,Saturday,0,16
725,Kris_1006-0638.png,3,2023-06-10 06:38:00,3,1686379080.0,6,June,10,5,Saturday,0,6
726,Kris_2506-1751.png,10,2023-06-25 17:51:00,10,1687715460.0,6,June,25,6,Sunday,0,17
727,Kris_0408-0812.png,2,2023-08-04 08:12:00,2,1691136720.0,8,August,4,4,Friday,0,8
728,Kris_0806-2033.png,6,2023-06-08 20:33:00,6,1686256380.0,6,June,8,3,Thursday,0,20
729,Kris_2406-2216.png,8,2023-06-24 22:16:00,8,1687644960.0,6,June,24,5,Saturday,0,22
730,Kris_1106-0650.png,12,2023-06-11 06:50:00,12,1686466200.0,6,June,11,6,Sunday,0,6
731,Kris_0708-1928.png,26,2023-08-07 19:28:00,26,1691436480.0,8,August,7,0,Monday,0,19
732,Kris_0806-1329.png,27,2023-06-08 13:29:00,27,1686230940.0,6,June,8,3,Thursday,0,13
733,Kris_1406-0925.png,24,2023-06-14 09:25:00,24,1686734700.0,6,June,14,2,Wednesday,0,9
734,Kris_0208-1702.png,2,2023-08-02 17:02:00,2,1690995720.0,8,August,2,2,Wednesday,0,17
735,Kris_0808-0902.png,27,2023-08-08 09:02:00,27,1691485320.0,8,August,8,1,Tuesday,0,9
736,Kris_1008-0749.png,27,2023-08-10 07:49:00,27,1691653740.0,8,August,10,3,Thursday,0,7
737,Kris_2606-1136.png,20,2023-06-26 11:36:00,20,1687779360.0,6,June,26,0,Monday,0,11
738,Kris_0208-1732.png,2,2023-08-02 17:32:00,2,1690997520.0,8,August,2,2,Wednesday,0,17
739,Kris_2006-0554.png,27,2023-06-20 05:54:00,27,1687240440.0,6,June,20,1,Tuesday,0,5
740,Kris_1306-0739.png,19,2023-06-13 07:39:00,19,1686641940.0,6,June,13,1,Tuesday,0,7
741,Kris_0208-1531.png,7,2023-08-02 15:31:00,7,1690990260.0,8,August,2,2,Wednesday,0,15
742,Kris_1008-2353.png,9,2023-08-10 23:53:00,9,1691711580.0,8,August,10,3,Thursday,0,23
743,Kris_1308-2022.png,0,2023-08-13 20:22:00,0,1691958120.0,8,August,13,6,Sunday,0,20
744,Kris_0708-2259.png,5,2023-08-07 22:59:00,5,1691449140.0,8,August,7,0,Monday,0,22
745,Kris_0608-1148.png,6,2023-08-06 11:48:00,6,1691322480.0,8,August,6,6,Sunday,0,11
746,Kris_1406-0955.png,21,2023-06-14 09:55:00,21,1686736500.0,6,June,14,2,Wednesday,0,9
747,Kris_0308-1708.png,0,2023-08-03 17:08:00,0,1691082480.0,8,August,3,3,Thursday,0,17
748,Kris_2506-0857.png,12,2023-06-25 08:57:00,12,1687683420.0,6,June,25,6,Sunday,0,8
749,Kris_0906-1446.png,9,2023-06-09 14:46:00,9,1686321960.0,6,June,9,4,Friday,0,14
750,Kris_0706-2221.png,14,2023-06-07 22:21:00,14,1686176460.0,6,June,7,2,Wednesday,0,22
751,Kris_1308-0618.png,0,2023-08-13 06:18:00,0,1691907480.0,8,August,13,6,Sunday,0,6
752,Kris_1306-0508.png,18,2023-06-13 05:08:00,18,1686632880.0,6,June,13,1,Tuesday,0,5
753,Kris_1106-1454.png,19,2023-06-11 14:54:00,19,1686495240.0,6,June,11,6,Sunday,0,14
754,Kris_2606-0205.png,8,2023-06-26 02:05:00,8,1687745100.0,6,June,26,0,Monday,0,2
755,Kris_1706-1529.png,35,2023-06-17 15:29:00,35,1687015740.0,6,June,17,5,Saturday,0,15
756,Kris_0408-1343.png,3,2023-08-04 13:43:00,3,1691156580.0,8,August,4,4,Friday,0,13
757,Kris_0408-0912.png,1,2023-08-04 09:12:00,1,1691140320.0,8,August,4,4,Friday,0,9
758,Kris_0806-2002.png,9,2023-06-08 20:02:00,9,1686254520.0,6,June,8,3,Thursday,0,20
759,Kris_1706-2132.png,31,2023-06-17 21:32:00,31,1687037520.0,6,June,17,5,Saturday,0,21
760,Kris_0508-0610.png,1,2023-08-05 06:10:00,1,1691215800.0,8,August,5,5,Saturday,0,6
761,Kris_0308-1738.png,0,2023-08-03 17:38:00,0,1691084280.0,8,August,3,3,Thursday,0,17
762,Kris_0706-0441.png,15,2023-06-07 04:41:00,15,1686112860.0,6,June,7,2,Wednesday,0,4
763,Kris_0508-2315.png,2,2023-08-05 23:15:00,2,1691277300.0,8,August,5,5,Saturday,0,23
764,Kris_2606-0027.png,8,2023-06-26 00:27:00,8,1687739220.0,6,June,26,0,Monday,0,0
765,Kris_0408-1637.png,1,2023-08-04 16:37:00,1,1691167020.0,8,August,4,4,Friday,0,16
766,Kris_0308-1307.png,4,2023-08-03 13:07:00,4,1691068020.0,8,August,3,3,Thursday,0,13
767,Kris_0808-1834.png,24,2023-08-08 18:34:00,24,1691519640.0,8,August,8,1,Tuesday,0,18
768,Kris_1106-0148.png,11,2023-06-11 01:48:00,11,1686448080.0,6,June,11,6,Sunday,0,1
769,Kris_1406-0422.png,22,2023-06-14 04:22:00,22,1686716520.0,6,June,14,2,Wednesday,0,4
770,Kris_2506-0109.png,12,2023-06-25 01:09:00,12,1687655340.0,6,June,25,6,Sunday,0,1
771,Kris_1806-0707.png,0,2023-06-18 07:07:00,0,1687072020.0,6,June,18,6,Sunday,0,7
772,Kris_1308-1150.png,0,2023-08-13 11:50:00,0,1691927400.0,8,August,13,6,Sunday,0,11
773,Kris_1206-2003.png,13,2023-06-12 20:03:00,13,1686600180.0,6,June,12,0,Monday,0,20
774,Kris_1308-1049.png,0,2023-08-13 10:49:00,0,1691923740.0,8,August,13,6,Sunday,0,10
775,Kris_2006-2038.png,15,2023-06-20 20:38:00,15,1687293480.0,6,June,20,1,Tuesday,0,20
776,Kris_0208-2032.png,0,2023-08-02 20:32:00,0,1691008320.0,8,August,2,2,Wednesday,0,20
777,Kris_0208-1431.png,7,2023-08-02 14:31:00,7,1690986660.0,8,August,2,2,Wednesday,0,14
778,Kris_0706-0310.png,5,2023-06-07 03:10:00,5,1686107400.0,6,June,7,2,Wednesday,0,3
779,Kris_1006-1643.png,13,2023-06-10 16:43:00,13,1686415380.0,6,June,10,5,Saturday,0,16
780,Kris_1306-0810.png,15,2023-06-13 08:10:00,15,1686643800.0,6,June,13,1,Tuesday,0,8
781,Kris_0706-2020.png,10,2023-06-07 20:20:00,10,1686169200.0,6,June,7,2,Wednesday,0,20
782,Kris_1306-1745.png,29,2023-06-13 17:45:00,29,1686678300.0,6,June,13,1,Tuesday,0,17
783,Kris_2006-1457.png,26,2023-06-20 14:57:00,26,1687273020.0,6,June,20,1,Tuesday,0,14
784,Kris_0308-0505.png,2,2023-08-03 05:05:00,2,1691039100.0,8,August,3,3,Thursday,0,5
785,Kris_1106-0218.png,11,2023-06-11 02:18:00,11,1686449880.0,6,June,11,6,Sunday,0,2
786,Kris_2506-2136.png,9,2023-06-25 21:36:00,9,1687728960.0,6,June,25,6,Sunday,0,21
787,Kris_1008-1722.png,34,2023-08-10 17:22:00,34,1691688120.0,8,August,10,3,Thursday,0,17
788,Kris_0508-0841.png,1,2023-08-05 08:41:00,1,1691224860.0,8,August,5,5,Saturday,0,8
789,Kris_2006-1828.png,27,2023-06-20 18:28:00,27,1687285680.0,6,June,20,1,Tuesday,0,18
790,Kris_1406-1126.png,21,2023-06-14 11:26:00,21,1686741960.0,6,June,14,2,Wednesday,0,11
791,Kris_0308-0034.png,1,2023-08-03 00:34:00,1,1691022840.0,8,August,3,3,Thursday,0,0
792,Kris_1006-2015.png,10,2023-06-10 20:15:00,10,1686428100.0,6,June,10,5,Saturday,0,20
793,Kris_0208-2233.png,1,2023-08-02 22:33:00,1,1691015580.0,8,August,2,2,Wednesday,0,22
794,Kris_0908-1610.png,11,2023-08-09 16:10:00,11,1691597400.0,8,August,9,2,Wednesday,0,16
795,Kris_1006-1844.png,15,2023-06-10 18:44:00,15,1686422640.0,6,June,10,5,Saturday,0,18
796,Kris_0508-1713.png,1,2023-08-05 17:13:00,1,1691255580.0,8,August,5,5,Saturday,0,17
797,Kris_0906-1617.png,5,2023-06-09 16:17:00,5,1686327420.0,6,June,9,4,Friday,0,16
798,Kris_2606-0148.png,9,2023-06-26 01:48:00,9,1687744080.0,6,June,26,0,Monday,0,1
799,Kris_2506-2311.png,9,2023-06-25 23:11:00,9,1687734660.0,6,June,25,6,Sunday,0,23
800,Kris_0806-0052.png,11,2023-06-08 00:52:00,11,1686185520.0,6,June,8,3,Thursday,0,0
801,Kris_0908-0507.png,12,2023-08-09 05:07:00,12,1691557620.0,8,August,9,2,Wednesday,0,5
802,Kris_1008-0649.png,20,2023-08-10 06:49:00,20,1691650140.0,8,August,10,3,Thursday,0,6
803,Kris_2006-2021.png,12,2023-06-20 20:21:00,12,1687292460.0,6,June,20,1,Tuesday,0,20
804,Kris_0308-0003.png,1,2023-08-03 00:03:00,1,1691020980.0,8,August,3,3,Thursday,0,0
805,Kris_1406-0221.png,4,2023-06-14 02:21:00,4,1686709260.0,6,June,14,2,Wednesday,0,2
806,Kris_0806-0927.png,26,2023-06-08 09:27:00,26,1686216420.0,6,June,8,3,Thursday,0,9
807,Kris_0706-2352.png,9,2023-06-07 23:52:00,9,1686181920.0,6,June,7,2,Wednesday,0,23
808,Kris_0508-1142.png,2,2023-08-05 11:42:00,2,1691235720.0,8,August,5,5,Saturday,0,11
809,Kris_1408-1055.png,5,2023-08-14 10:55:00,5,1692010500.0,8,August,14,0,Monday,0,10
810,Kris_0706-0239.png,3,2023-06-07 02:39:00,3,1686105540.0,6,June,7,2,Wednesday,0,2
811,Kris_0806-1228.png,29,2023-06-08 12:28:00,29,1686227280.0,6,June,8,3,Thursday,0,12
812,Kris_0706-0742.png,8,2023-06-07 07:42:00,8,1686123720.0,6,June,7,2,Wednesday,0,7
813,Kris_0806-0525.png,27,2023-06-08 05:25:00,27,1686201900.0,6,June,8,3,Thursday,0,5
814,Kris_1906-2344.png,3,2023-06-19 23:44:00,3,1687218240.0,6,June,19,0,Monday,0,23
815,Kris_0908-1946.png,14,2023-08-09 19:46:00,14,1691610360.0,8,August,9,2,Wednesday,0,19
816,Kris_1006-1714.png,15,2023-06-10 17:14:00,15,1686417240.0,6,June,10,5,Saturday,0,17
817,Kris_1806-0305.png,6,2023-06-18 03:05:00,6,1687057500.0,6,June,18,6,Sunday,0,3
818,Kris_0508-1543.png,2,2023-08-05 15:43:00,2,1691250180.0,8,August,5,5,Saturday,0,15
819,Kris_1906-2141.png,31,2023-06-19 21:41:00,31,1687210860.0,6,June,19,0,Monday,0,21
820,Kris_0806-2133.png,9,2023-06-08 21:33:00,9,1686259980.0,6,June,8,3,Thursday,0,21
821,Kris_1006-0809.png,5,2023-06-10 08:09:00,5,1686384540.0,6,June,10,5,Saturday,0,8
822,Kris_2606-0116.png,6,2023-06-26 01:16:00,6,1687742160.0,6,June,26,0,Monday,0,1
823,Kris_1706-2031.png,32,2023-06-17 20:31:00,32,1687033860.0,6,June,17,5,Saturday,0,20
824,Kris_0408-1607.png,1,2023-08-04 16:07:00,1,1691165220.0,8,August,4,4,Friday,0,16
825,Kris_0706-1114.png,27,2023-06-07 11:14:00,27,1686136440.0,6,June,7,2,Wednesday,0,11
826,Kris_1308-2052.png,0,2023-08-13 20:52:00,0,1691959920.0,8,August,13,6,Sunday,0,20
827,Kris_1308-2122.png,0,2023-08-13 21:22:00,0,1691961720.0,8,August,13,6,Sunday,0,21
828,Kris_1406-0623.png,22,2023-06-14 06:23:00,22,1686723780.0,6,June,14,2,Wednesday,0,6
829,Kris_1306-1847.png,22,2023-06-13 18:47:00,22,1686682020.0,6,June,13,1,Tuesday,0,18
830,Kris_2006-0722.png,24,2023-06-20 07:22:00,24,1687245720.0,6,June,20,1,Tuesday,0,7
831,Kris_1806-0436.png,8,2023-06-18 04:36:00,8,1687062960.0,6,June,18,6,Sunday,0,4
832,Kris_1106-0620.png,17,2023-06-11 06:20:00,17,1686464400.0,6,June,11,6,Sunday,0,6
833,Kris_2506-2332.png,5,2023-06-25 23:32:00,5,1687735920.0,6,June,25,6,Sunday,0,23
834,Kris_1006-2316.png,13,2023-06-10 23:16:00,13,1686438960.0,6,June,10,5,Saturday,0,23
835,Kris_0308-2309.png,2,2023-08-03 23:09:00,2,1691104140.0,8,August,3,3,Thursday,0,23
836,Kris_1008-1251.png,28,2023-08-10 12:51:00,28,1691671860.0,8,August,10,3,Thursday,0,12
837,Kris_2406-1653.png,17,2023-06-24 16:53:00,17,1687625580.0,6,June,24,5,Saturday,0,16
838,Kris_1308-0418.png,0,2023-08-13 04:18:00,0,1691900280.0,8,August,13,6,Sunday,0,4
839,Kris_2006-0937.png,27,2023-06-20 09:37:00,27,1687253820.0,6,June,20,1,Tuesday,0,9
840,Kris_0608-0847.png,7,2023-08-06 08:47:00,7,1691311620.0,8,August,6,6,Sunday,0,8
841,Kris_1008-0549.png,16,2023-08-10 05:49:00,16,1691646540.0,8,August,10,3,Thursday,0,5
842,Kris_1206-1802.png,15,2023-06-12 18:02:00,15,1686592920.0,6,June,12,0,Monday,0,18
843,Kris_0508-1312.png,4,2023-08-05 13:12:00,4,1691241120.0,8,August,5,5,Saturday,0,13
844,Kris_1308-0919.png,0,2023-08-13 09:19:00,0,1691918340.0,8,August,13,6,Sunday,0,9
845,Kris_2506-2234.png,11,2023-06-25 22:34:00,11,1687732440.0,6,June,25,6,Sunday,0,22
846,Kris_2006-0838.png,31,2023-06-20 08:38:00,31,1687250280.0,6,June,20,1,Tuesday,0,8
847,Kris_2606-0913.png,19,2023-06-26 09:13:00,19,1687770780.0,6,June,26,0,Monday,0,9
848,Kris_0706-1648.png,39,2023-06-07 16:48:00,39,1686156480.0,6,June,7,2,Wednesday,0,16
849,Kris_2606-0444.png,17,2023-06-26 04:44:00,17,1687754640.0,6,June,26,0,Monday,0,4
850,Kris_0908-1209.png,18,2023-08-09 12:09:00,18,1691582940.0,8,August,9,2,Wednesday,0,12
851,Kris_0408-0010.png,1,2023-08-04 00:10:00,1,1691107800.0,8,August,4,4,Friday,0,0
852,Kris_1006-1010.png,13,2023-06-10 10:10:00,13,1686391800.0,6,June,10,5,Saturday,0,10
853,Kris_0806-1831.png,20,2023-06-08 18:31:00,20,1686249060.0,6,June,8,3,Thursday,0,18
854,Kris_1308-1320.png,0,2023-08-13 13:20:00,0,1691932800.0,8,August,13,6,Sunday,0,13
855,Kris_0908-0637.png,23,2023-08-09 06:37:00,23,1691563020.0,8,August,9,2,Wednesday,0,6
856,Kris_1308-1621.png,0,2023-08-13 16:21:00,0,1691943660.0,8,August,13,6,Sunday,0,16
857,Kris_1308-1721.png,0,2023-08-13 17:21:00,0,1691947260.0,8,August,13,6,Sunday,0,17
858,Kris_1106-1555.png,17,2023-06-11 15:55:00,17,1686498900.0,6,June,11,6,Sunday,0,15
859,Kris_0308-1237.png,2,2023-08-03 12:37:00,2,1691066220.0,8,August,3,3,Thursday,0,12
860,Kris_1008-0148.png,10,2023-08-10 01:48:00,10,1691632080.0,8,August,10,3,Thursday,0,1
861,Kris_0708-1627.png,25,2023-08-07 16:27:00,25,1691425620.0,8,August,7,0,Monday,0,16
862,Kris_2006-1404.png,32,2023-06-20 14:04:00,32,1687269840.0,6,June,20,1,Tuesday,0,14
863,Kris_2506-1301.png,11,2023-06-25 13:01:00,11,1687698060.0,6,June,25,6,Sunday,0,13
864,Kris_1408-0223.png,2,2023-08-14 02:23:00,2,1691979780.0,8,August,14,0,Monday,0,2
865,Kris_0608-1649.png,4,2023-08-06 16:49:00,4,1691340540.0,8,August,6,6,Sunday,0,16
866,Kris_2006-1644.png,34,2023-06-20 16:44:00,34,1687279440.0,6,June,20,1,Tuesday,0,16
867,Kris_1406-1025.png,24,2023-06-14 10:25:00,24,1686738300.0,6,June,14,2,Wednesday,0,10
868,Kris_0806-0324.png,16,2023-06-08 03:24:00,16,1686194640.0,6,June,8,3,Thursday,0,3
869,Kris_2406-1732.png,8,2023-06-24 17:32:00,8,1687627920.0,6,June,24,5,Saturday,0,17
870,Kris_1308-0849.png,0,2023-08-13 08:49:00,0,1691916540.0,8,August,13,6,Sunday,0,8
871,Kris_1308-1450.png,0,2023-08-13 14:50:00,0,1691938200.0,8,August,13,6,Sunday,0,14
872,Kris_0508-1914.png,0,2023-08-05 19:14:00,0,1691262840.0,8,August,5,5,Saturday,0,19
873,Kris_0806-0454.png,28,2023-06-08 04:54:00,28,1686200040.0,6,June,8,3,Thursday,0,4
874,Kris_2006-0012.png,2,2023-06-20 00:12:00,2,1687219920.0,6,June,20,1,Tuesday,0,0
875,Kris_1408-0253.png,3,2023-08-14 02:53:00,3,1691981580.0,8,August,14,0,Monday,0,2
876,Kris_0608-0947.png,7,2023-08-06 09:47:00,7,1691315220.0,8,August,6,6,Sunday,0,9
877,Kris_0508-0711.png,3,2023-08-05 07:11:00,3,1691219460.0,8,August,5,5,Saturday,0,7
878,Kris_1008-1020.png,31,2023-08-10 10:20:00,31,1691662800.0,8,August,10,3,Thursday,0,10
879,Kris_0308-2139.png,0,2023-08-03 21:39:00,0,1691098740.0,8,August,3,3,Thursday,0,21
880,Kris_0408-1514.png,1,2023-08-04 15:14:00,1,1691162040.0,8,August,4,4,Friday,0,15
881,Kris_0806-0655.png,17,2023-06-08 06:55:00,17,1686207300.0,6,June,8,3,Thursday,0,6
882,Kris_1306-1142.png,31,2023-06-13 11:42:00,31,1686656520.0,6,June,13,1,Tuesday,0,11
883,Kris_1306-2219.png,11,2023-06-13 22:19:00,11,1686694740.0,6,June,13,1,Tuesday,0,22
884,Kris_0508-1814.png,0,2023-08-05 18:14:00,0,1691259240.0,8,August,5,5,Saturday,0,18
885,Kris_1806-0537.png,18,2023-06-18 05:37:00,18,1687066620.0,6,June,18,6,Sunday,0,5
886,Kris_1206-2234.png,17,2023-06-12 22:34:00,17,1686609240.0,6,June,12,0,Monday,0,22
887,Kris_1006-0538.png,4,2023-06-10 05:38:00,4,1686375480.0,6,June,10,5,Saturday,0,5
888,Kris_2606-1535.png,29,2023-06-26 15:35:00,29,1687793700.0,6,June,26,0,Monday,0,15
889,Kris_0706-0038.png,3,2023-06-07 00:38:00,3,1686098280.0,6,June,7,2,Wednesday,0,0
890,Kris_1306-1413.png,20,2023-06-13 14:13:00,20,1686665580.0,6,June,13,1,Tuesday,0,14
891,Kris_1008-1652.png,34,2023-08-10 16:52:00,34,1691686320.0,8,August,10,3,Thursday,0,16
892,Kris_1106-1123.png,18,2023-06-11 11:23:00,18,1686482580.0,6,June,11,6,Sunday,0,11
893,Kris_1306-1947.png,11,2023-06-13 19:47:00,11,1686685620.0,6,June,13,1,Tuesday,0,19
894,Kris_2606-1557.png,22,2023-06-26 15:57:00,22,1687795020.0,6,June,26,0,Monday,0,15
895,Kris_1906-2026.png,27,2023-06-19 20:26:00,27,1687206360.0,6,June,19,0,Monday,0,20
896,Kris_0308-1337.png,3,2023-08-03 13:37:00,3,1691069820.0,8,August,3,3,Thursday,0,13
897,Kris_1306-0438.png,18,2023-06-13 04:38:00,18,1686631080.0,6,June,13,1,Tuesday,0,4
898,Kris_0308-1006.png,2,2023-08-03 10:06:00,2,1691057160.0,8,August,3,3,Thursday,0,10
899,Kris_0408-1112.png,4,2023-08-04 11:12:00,4,1691147520.0,8,August,4,4,Friday,0,11
900,Kris_1008-1621.png,22,2023-08-10 16:21:00,22,1691684460.0,8,August,10,3,Thursday,0,16
901,Kris_1306-0106.png,10,2023-06-13 01:06:00,10,1686618360.0,6,June,13,1,Tuesday,0,1
902,Kris_0408-2038.png,0,2023-08-04 20:38:00,0,1691181480.0,8,August,4,4,Friday,0,20
903,Kris_0806-0424.png,27,2023-06-08 04:24:00,27,1686198240.0,6,June,8,3,Thursday,0,4
904,Kris_2506-1655.png,15,2023-06-25 16:55:00,15,1687712100.0,6,June,25,6,Sunday,0,16
905,Kris_0808-0029.png,3,2023-08-08 00:29:00,3,1691454540.0,8,August,8,1,Tuesday,0,0
906,Kris_1906-1710.png,23,2023-06-19 17:10:00,23,1687194600.0,6,June,19,0,Monday,0,17
907,Kris_2006-1555.png,26,2023-06-20 15:55:00,26,1687276500.0,6,June,20,1,Tuesday,0,15
908,Kris_0508-1112.png,2,2023-08-05 11:12:00,2,1691233920.0,8,August,5,5,Saturday,0,11
909,Kris_0408-1443.png,2,2023-08-04 14:43:00,2,1691160180.0,8,August,4,4,Friday,0,14
910,Kris_0408-0742.png,6,2023-08-04 07:42:00,6,1691134920.0,8,August,4,4,Friday,0,7
911,Kris_1906-2034.png,21,2023-06-19 20:34:00,21,1687206840.0,6,June,19,0,Monday,0,20
912,Kris_2506-2137.png,10,2023-06-25 21:37:00,10,1687729020.0,6,June,25,6,Sunday,0,21
913,Kris_0906-2304.png,5,2023-06-09 23:04:00,5,1686351840.0,6,June,9,4,Friday,0,23
914,Kris_0908-1309.png,28,2023-08-09 13:09:00,28,1691586540.0,8,August,9,2,Wednesday,0,13
915,Kris_0508-2144.png,0,2023-08-05 21:44:00,0,1691271840.0,8,August,5,5,Saturday,0,21
916,Kris_1006-0005.png,5,2023-06-10 00:05:00,5,1686355500.0,6,June,10,5,Saturday,0,0
917,Kris_0808-0832.png,28,2023-08-08 08:32:00,28,1691483520.0,8,August,8,1,Tuesday,0,8
918,Kris_0208-1802.png,1,2023-08-02 18:02:00,1,1690999320.0,8,August,2,2,Wednesday,0,18
919,Kris_1306-0639.png,17,2023-06-13 06:39:00,17,1686638340.0,6,June,13,1,Tuesday,0,6
920,Kris_0908-1440.png,27,2023-08-09 14:40:00,27,1691592000.0,8,August,9,2,Wednesday,0,14
921,Kris_1106-0349.png,19,2023-06-11 03:49:00,19,1686455340.0,6,June,11,6,Sunday,0,3
922,Kris_0908-2116.png,13,2023-08-09 21:16:00,13,1691615760.0,8,August,9,2,Wednesday,0,21
923,Kris_1306-1011.png,25,2023-06-13 10:11:00,25,1686651060.0,6,June,13,1,Tuesday,0,10
924,Kris_0408-1042.png,2,2023-08-04 10:42:00,2,1691145720.0,8,August,4,4,Friday,0,10
925,Kris_0908-0337.png,6,2023-08-09 03:37:00,6,1691552220.0,8,August,9,2,Wednesday,0,3
926,Kris_0606-2338.png,5,2023-06-06 23:38:00,5,1686094680.0,6,June,6,1,Tuesday,0,23
927,Kris_0408-0541.png,0,2023-08-04 05:41:00,0,1691127660.0,8,August,4,4,Friday,0,5
928,Kris_1106-1856.png,14,2023-06-11 18:56:00,14,1686509760.0,6,June,11,6,Sunday,0,18
929,Kris_0608-0717.png,5,2023-08-06 07:17:00,5,1691306220.0,8,August,6,6,Sunday,0,7
930,Kris_1306-0005.png,11,2023-06-13 00:05:00,11,1686614700.0,6,June,13,1,Tuesday,0,0
931,Kris_1308-1821.png,0,2023-08-13 18:21:00,0,1691950860.0,8,August,13,6,Sunday,0,18
932,Kris_1108-0154.png,10,2023-08-11 01:54:00,10,1691718840.0,8,August,11,4,Friday,0,1
933,Kris_0808-1604.png,23,2023-08-08 16:04:00,23,1691510640.0,8,August,8,1,Tuesday,0,16
934,Kris_1806-0134.png,0,2023-06-18 01:34:00,0,1687052040.0,6,June,18,6,Sunday,0,1
935,Kris_0806-0625.png,17,2023-06-08 06:25:00,17,1686205500.0,6,June,8,3,Thursday,0,6
936,Kris_2506-0242.png,11,2023-06-25 02:42:00,11,1687660920.0,6,June,25,6,Sunday,0,2
937,Kris_2606-1422.png,28,2023-06-26 14:22:00,28,1687789320.0,6,June,26,0,Monday,0,14
938,Kris_1906-2326.png,3,2023-06-19 23:26:00,3,1687217160.0,6,June,19,0,Monday,0,23
939,Kris_0308-1908.png,1,2023-08-03 19:08:00,1,1691089680.0,8,August,3,3,Thursday,0,19
940,Kris_1006-2246.png,9,2023-06-10 22:46:00,9,1686437160.0,6,June,10,5,Saturday,0,22
941,Kris_0808-0932.png,28,2023-08-08 09:32:00,28,1691487120.0,8,August,8,1,Tuesday,0,9
942,Kris_2606-0747.png,17,2023-06-26 07:47:00,17,1687765620.0,6,June,26,0,Monday,0,7
943,Kris_0608-0416.png,2,2023-08-06 04:16:00,2,1691295360.0,8,August,6,6,Sunday,0,4
944,Kris_1706-1629.png,28,2023-06-17 16:29:00,28,1687019340.0,6,June,17,5,Saturday,0,16
945,Kris_1008-1952.png,30,2023-08-10 19:52:00,30,1691697120.0,8,August,10,3,Thursday,0,19
946,Kris_2606-0050.png,6,2023-06-26 00:50:00,6,1687740600.0,6,June,26,0,Monday,0,0
947,Kris_0408-0140.png,3,2023-08-04 01:40:00,3,1691113200.0,8,August,4,4,Friday,0,1
948,Kris_2406-2032.png,4,2023-06-24 20:32:00,4,1687638720.0,6,June,24,5,Saturday,0,20
949,Kris_1306-0136.png,14,2023-06-13 01:36:00,14,1686620160.0,6,June,13,1,Tuesday,0,1
950,Kris_0906-1415.png,5,2023-06-09 14:15:00,5,1686320100.0,6,June,9,4,Friday,0,14
951,Kris_1406-1056.png,19,2023-06-14 10:56:00,19,1686740160.0,6,June,14,2,Wednesday,0,10
952,Kris_1906-1622.png,32,2023-06-19 16:22:00,32,1687191720.0,6,June,19,0,Monday,0,16
953,Kris_1206-2304.png,10,2023-06-12 23:04:00,10,1686611040.0,6,June,12,0,Monday,0,23
954,Kris_0808-0501.png,12,2023-08-08 05:01:00,12,1691470860.0,8,August,8,1,Tuesday,0,5
955,Kris_1106-1656.png,17,2023-06-11 16:56:00,17,1686502560.0,6,June,11,6,Sunday,0,16
956,Kris_1008-0017.png,11,2023-08-10 00:17:00,11,1691626620.0,8,August,10,3,Thursday,0,0
957,Kris_0808-0330.png,1,2023-08-08 03:30:00,1,1691465400.0,8,August,8,1,Tuesday,0,3
958,Kris_2506-2230.png,11,2023-06-25 22:30:00,11,1687732200.0,6,June,25,6,Sunday,0,22
959,Kris_1008-2123.png,16,2023-08-10 21:23:00,16,1691702580.0,8,August,10,3,Thursday,0,21
960,Kris_0608-0045.png,3,2023-08-06 00:45:00,3,1691282700.0,8,August,6,6,Sunday,0,0
961,Kris_1006-1342.png,24,2023-06-10 13:42:00,24,1686404520.0,6,June,10,5,Saturday,0,13
962,Kris_0608-1318.png,5,2023-08-06 13:18:00,5,1691327880.0,8,August,6,6,Sunday,0,13
963,Kris_1206-1252.png,24,2023-06-12 12:52:00,24,1686574320.0,6,June,12,0,Monday,0,12
964,Kris_1006-1111.png,12,2023-06-10 11:11:00,12,1686395460.0,6,June,10,5,Saturday,0,11
965,Kris_0308-0805.png,0,2023-08-03 08:05:00,0,1691049900.0,8,August,3,3,Thursday,0,8
966,Kris_0806-2233.png,5,2023-06-08 22:33:00,5,1686263580.0,6,June,8,3,Thursday,0,22
967,Kris_0706-0712.png,13,2023-06-07 07:12:00,13,1686121920.0,6,June,7,2,Wednesday,0,7
