,File_name,Count,Timestamp,timestamp_true,num_timestamp,month_no,month_name,day,day_of_week,day_of_week_name,is_weekend,hour_of_day
0,Kris_0606-2036.png,31,2023-06-06 20:36:28,2023-06-06 20:36:00,1686083760.0,6,June,6,1,Tuesday,0,20
1,Kris_0606-2106.png,28,2023-06-06 21:06:47,2023-06-06 21:06:00,1686085560.0,6,June,6,1,Tuesday,0,21
2,Kris_0606-2137.png,22,2023-06-06 21:37:03,2023-06-06 21:37:00,1686087420.0,6,June,6,1,Tuesday,0,21
3,Kris_0606-2207.png,27,2023-06-06 22:07:23,2023-06-06 22:07:00,1686089220.0,6,June,6,1,Tuesday,0,22
4,Kris_0606-2237.png,26,2023-06-06 22:37:39,2023-06-06 22:37:00,1686091020.0,6,June,6,1,Tuesday,0,22
5,Kris_0606-2307.png,19,2023-06-06 23:07:56,2023-06-06 23:07:00,1686092820.0,6,June,6,1,Tuesday,0,23
6,Kris_0606-2338.png,21,2023-06-06 23:38:14,2023-06-06 23:38:00,1686094680.0,6,June,6,1,Tuesday,0,23
7,Kris_0706-0008.png,22,2023-06-07 0:08:32,2023-06-07 00:08:00,1686096480.0,6,June,7,2,Wednesday,0,0
8,Kris_0706-0038.png,24,2023-06-07 0:38:44,2023-06-07 00:38:00,1686098280.0,6,June,7,2,Wednesday,0,0
9,Kris_0706-0108.png,16,2023-06-07 1:09:02,2023-06-07 01:08:00,1686100080.0,6,June,7,2,Wednesday,0,1
10,Kris_0706-0139.png,20,2023-06-07 1:39:20,2023-06-07 01:39:00,1686101940.0,6,June,7,2,Wednesday,0,1
11,Kris_0706-0209.png,21,2023-06-07 2:09:38,2023-06-07 02:09:00,1686103740.0,6,June,7,2,Wednesday,0,2
12,Kris_0706-0239.png,20,2023-06-07 2:39:54,2023-06-07 02:39:00,1686105540.0,6,June,7,2,Wednesday,0,2
13,Kris_0706-0310.png,22,2023-06-07 3:10:11,2023-06-07 03:10:00,1686107400.0,6,June,7,2,Wednesday,0,3
14,Kris_0706-0340.png,20,2023-06-07 3:40:30,2023-06-07 03:40:00,1686109200.0,6,June,7,2,Wednesday,0,3
15,Kris_0706-0410.png,21,2023-06-07 4:10:47,2023-06-07 04:10:00,1686111000.0,6,June,7,2,Wednesday,0,4
16,Kris_0706-0441.png,22,2023-06-07 4:41:03,2023-06-07 04:41:00,1686112860.0,6,June,7,2,Wednesday,0,4
17,Kris_0706-0511.png,24,2023-06-07 5:11:22,2023-06-07 05:11:00,1686114660.0,6,June,7,2,Wednesday,0,5
18,Kris_0706-0541.png,24,2023-06-07 5:41:41,2023-06-07 05:41:00,1686116460.0,6,June,7,2,Wednesday,0,5
19,Kris_0706-0611.png,24,2023-06-07 6:11:58,2023-06-07 06:11:00,1686118260.0,6,June,7,2,Wednesday,0,6
20,Kris_0706-0642.png,21,2023-06-07 6:42:14,2023-06-07 06:42:00,1686120120.0,6,June,7,2,Wednesday,0,6
21,Kris_0706-0712.png,24,2023-06-07 7:12:31,2023-06-07 07:12:00,1686121920.0,6,June,7,2,Wednesday,0,7
22,Kris_0706-0742.png,18,2023-06-07 7:42:48,2023-06-07 07:42:00,1686123720.0,6,June,7,2,Wednesday,0,7
23,Kris_0706-0813.png,33,2023-06-07 8:13:08,2023-06-07 08:13:00,1686125580.0,6,June,7,2,Wednesday,0,8
24,Kris_0706-0843.png,34,2023-06-07 8:43:25,2023-06-07 08:43:00,1686127380.0,6,June,7,2,Wednesday,0,8
25,Kris_0706-0913.png,44,2023-06-07 9:13:45,2023-06-07 09:13:00,1686129180.0,6,June,7,2,Wednesday,0,9
26,Kris_0706-0944.png,46,2023-06-07 9:44:01,2023-06-07 09:44:00,1686131040.0,6,June,7,2,Wednesday,0,9
27,Kris_0706-1014.png,46,2023-06-07 10:14:19,2023-06-07 10:14:00,1686132840.0,6,June,7,2,Wednesday,0,10
28,Kris_0706-1044.png,42,2023-06-07 10:44:36,2023-06-07 10:44:00,1686134640.0,6,June,7,2,Wednesday,0,10
29,Kris_0706-1114.png,43,2023-06-07 11:14:54,2023-06-07 11:14:00,1686136440.0,6,June,7,2,Wednesday,0,11
30,Kris_0706-1145.png,44,2023-06-07 11:45:12,2023-06-07 11:45:00,1686138300.0,6,June,7,2,Wednesday,0,11
31,Kris_0706-1215.png,39,2023-06-07 12:15:32,2023-06-07 12:15:00,1686140100.0,6,June,7,2,Wednesday,0,12
32,Kris_0706-1245.png,43,2023-06-07 12:45:51,2023-06-07 12:45:00,1686141900.0,6,June,7,2,Wednesday,0,12
33,Kris_0706-1316.png,42,2023-06-07 13:16:11,2023-06-07 13:16:00,1686143760.0,6,June,7,2,Wednesday,0,13
34,Kris_0706-1346.png,39,2023-06-07 13:46:29,2023-06-07 13:46:00,1686145560.0,6,June,7,2,Wednesday,0,13
35,Kris_0706-1416.png,35,2023-06-07 14:16:47,2023-06-07 14:16:00,1686147360.0,6,June,7,2,Wednesday,0,14
36,Kris_0706-1447.png,39,2023-06-07 14:47:06,2023-06-07 14:47:00,1686149220.0,6,June,7,2,Wednesday,0,14
37,Kris_0706-1517.png,40,2023-06-07 15:17:25,2023-06-07 15:17:00,1686151020.0,6,June,7,2,Wednesday,0,15
38,Kris_0706-1547.png,38,2023-06-07 15:47:37,2023-06-07 15:47:00,1686152820.0,6,June,7,2,Wednesday,0,15
39,Kris_0706-1617.png,38,2023-06-07 16:17:50,2023-06-07 16:17:00,1686154620.0,6,June,7,2,Wednesday,0,16
40,Kris_0706-1648.png,39,2023-06-07 16:48:01,2023-06-07 16:48:00,1686156480.0,6,June,7,2,Wednesday,0,16
41,Kris_0706-1718.png,36,2023-06-07 17:18:15,2023-06-07 17:18:00,1686158280.0,6,June,7,2,Wednesday,0,17
42,Kris_0706-1748.png,37,2023-06-07 17:48:30,2023-06-07 17:48:00,1686160080.0,6,June,7,2,Wednesday,0,17
43,Kris_0706-1818.png,40,2023-06-07 18:18:50,2023-06-07 18:18:00,1686161880.0,6,June,7,2,Wednesday,0,18
44,Kris_0706-1849.png,34,2023-06-07 18:49:15,2023-06-07 18:49:00,1686163740.0,6,June,7,2,Wednesday,0,18
45,Kris_0706-1919.png,43,2023-06-07 19:19:36,2023-06-07 19:19:00,1686165540.0,6,June,7,2,Wednesday,0,19
46,Kris_0706-1949.png,39,2023-06-07 19:49:47,2023-06-07 19:49:00,1686167340.0,6,June,7,2,Wednesday,0,19
47,Kris_0706-2020.png,39,2023-06-07 20:20:24,2023-06-07 20:20:00,1686169200.0,6,June,7,2,Wednesday,0,20
48,Kris_0706-2050.png,37,2023-06-07 20:50:45,2023-06-07 20:50:00,1686171000.0,6,June,7,2,Wednesday,0,20
49,Kris_0706-2120.png,35,2023-06-07 21:20:57,2023-06-07 21:20:00,1686172800.0,6,June,7,2,Wednesday,0,21
50,Kris_0706-2151.png,27,2023-06-07 21:51:11,2023-06-07 21:51:00,1686174660.0,6,June,7,2,Wednesday,0,21
51,Kris_0706-2221.png,21,2023-06-07 22:21:37,2023-06-07 22:21:00,1686176460.0,6,June,7,2,Wednesday,0,22
52,Kris_0706-2251.png,27,2023-06-07 22:51:50,2023-06-07 22:51:00,1686178260.0,6,June,7,2,Wednesday,0,22
53,Kris_0706-2322.png,26,2023-06-07 23:22:03,2023-06-07 23:22:00,1686180120.0,6,June,7,2,Wednesday,0,23
54,Kris_0706-2352.png,24,2023-06-07 23:52:16,2023-06-07 23:52:00,1686181920.0,6,June,7,2,Wednesday,0,23
55,Kris_0806-0022.png,25,2023-06-08 0:22:36,2023-06-08 00:22:00,1686183720.0,6,June,8,3,Thursday,0,0
56,Kris_0806-0052.png,27,2023-06-08 0:52:48,2023-06-08 00:52:00,1686185520.0,6,June,8,3,Thursday,0,0
57,Kris_0806-0123.png,30,2023-06-08 1:23:09,2023-06-08 01:23:00,1686187380.0,6,June,8,3,Thursday,0,1
58,Kris_0806-0153.png,30,2023-06-08 1:53:21,2023-06-08 01:53:00,1686189180.0,6,June,8,3,Thursday,0,1
59,Kris_0806-0223.png,31,2023-06-08 2:23:32,2023-06-08 02:23:00,1686190980.0,6,June,8,3,Thursday,0,2
60,Kris_0806-0253.png,28,2023-06-08 2:53:54,2023-06-08 02:53:00,1686192780.0,6,June,8,3,Thursday,0,2
61,Kris_0806-0324.png,26,2023-06-08 3:24:08,2023-06-08 03:24:00,1686194640.0,6,June,8,3,Thursday,0,3
62,Kris_0806-0354.png,31,2023-06-08 3:54:19,2023-06-08 03:54:00,1686196440.0,6,June,8,3,Thursday,0,3
63,Kris_0806-0424.png,31,2023-06-08 4:24:43,2023-06-08 04:24:00,1686198240.0,6,June,8,3,Thursday,0,4
64,Kris_0806-0454.png,36,2023-06-08 4:54:54,2023-06-08 04:54:00,1686200040.0,6,June,8,3,Thursday,0,4
65,Kris_0806-0525.png,34,2023-06-08 5:25:17,2023-06-08 05:25:00,1686201900.0,6,June,8,3,Thursday,0,5
66,Kris_0806-0555.png,35,2023-06-08 5:55:28,2023-06-08 05:55:00,1686203700.0,6,June,8,3,Thursday,0,5
67,Kris_0806-0625.png,33,2023-06-08 6:25:39,2023-06-08 06:25:00,1686205500.0,6,June,8,3,Thursday,0,6
68,Kris_0806-0655.png,32,2023-06-08 6:55:51,2023-06-08 06:55:00,1686207300.0,6,June,8,3,Thursday,0,6
69,Kris_0806-0726.png,33,2023-06-08 7:26:03,2023-06-08 07:26:00,1686209160.0,6,June,8,3,Thursday,0,7
70,Kris_0806-0756.png,30,2023-06-08 7:56:25,2023-06-08 07:56:00,1686210960.0,6,June,8,3,Thursday,0,7
71,Kris_0806-0826.png,29,2023-06-08 8:26:37,2023-06-08 08:26:00,1686212760.0,6,June,8,3,Thursday,0,8
72,Kris_0806-0857.png,37,2023-06-08 8:57:02,2023-06-08 08:57:00,1686214620.0,6,June,8,3,Thursday,0,8
73,Kris_0806-0927.png,41,2023-06-08 9:27:21,2023-06-08 09:27:00,1686216420.0,6,June,8,3,Thursday,0,9
74,Kris_0806-0957.png,44,2023-06-08 9:57:32,2023-06-08 09:57:00,1686218220.0,6,June,8,3,Thursday,0,9
75,Kris_0806-1027.png,43,2023-06-08 10:27:44,2023-06-08 10:27:00,1686220020.0,6,June,8,3,Thursday,0,10
76,Kris_0806-1057.png,42,2023-06-08 10:57:58,2023-06-08 10:57:00,1686221820.0,6,June,8,3,Thursday,0,10
77,Kris_0806-1128.png,39,2023-06-08 11:28:10,2023-06-08 11:28:00,1686223680.0,6,June,8,3,Thursday,0,11
78,Kris_0806-1158.png,40,2023-06-08 11:58:24,2023-06-08 11:58:00,1686225480.0,6,June,8,3,Thursday,0,11
79,Kris_0806-1228.png,49,2023-06-08 12:28:46,2023-06-08 12:28:00,1686227280.0,6,June,8,3,Thursday,0,12
80,Kris_0806-1258.png,35,2023-06-08 12:58:57,2023-06-08 12:58:00,1686229080.0,6,June,8,3,Thursday,0,12
81,Kris_0806-1329.png,40,2023-06-08 13:29:10,2023-06-08 13:29:00,1686230940.0,6,June,8,3,Thursday,0,13
82,Kris_0806-1359.png,42,2023-06-08 13:59:22,2023-06-08 13:59:00,1686232740.0,6,June,8,3,Thursday,0,13
83,Kris_0806-1429.png,45,2023-06-08 14:29:37,2023-06-08 14:29:00,1686234540.0,6,June,8,3,Thursday,0,14
84,Kris_0806-1459.png,40,2023-06-08 14:59:48,2023-06-08 14:59:00,1686236340.0,6,June,8,3,Thursday,0,14
85,Kris_0806-1530.png,35,2023-06-08 15:30:08,2023-06-08 15:30:00,1686238200.0,6,June,8,3,Thursday,0,15
86,Kris_0806-1600.png,41,2023-06-08 16:00:30,2023-06-08 16:00:00,1686240000.0,6,June,8,3,Thursday,0,16
87,Kris_0806-1630.png,38,2023-06-08 16:30:51,2023-06-08 16:30:00,1686241800.0,6,June,8,3,Thursday,0,16
88,Kris_0806-1701.png,33,2023-06-08 17:01:03,2023-06-08 17:01:00,1686243660.0,6,June,8,3,Thursday,0,17
89,Kris_0806-1731.png,42,2023-06-08 17:31:19,2023-06-08 17:31:00,1686245460.0,6,June,8,3,Thursday,0,17
90,Kris_0806-1801.png,42,2023-06-08 18:01:30,2023-06-08 18:01:00,1686247260.0,6,June,8,3,Thursday,0,18
91,Kris_0806-1831.png,39,2023-06-08 18:31:52,2023-06-08 18:31:00,1686249060.0,6,June,8,3,Thursday,0,18
92,Kris_0806-1902.png,37,2023-06-08 19:02:11,2023-06-08 19:02:00,1686250920.0,6,June,8,3,Thursday,0,19
93,Kris_0806-1932.png,36,2023-06-08 19:32:33,2023-06-08 19:32:00,1686252720.0,6,June,8,3,Thursday,0,19
94,Kris_0806-2002.png,24,2023-06-08 20:02:54,2023-06-08 20:02:00,1686254520.0,6,June,8,3,Thursday,0,20
95,Kris_0806-2033.png,24,2023-06-08 20:33:07,2023-06-08 20:33:00,1686256380.0,6,June,8,3,Thursday,0,20
96,Kris_0806-2103.png,21,2023-06-08 21:03:19,2023-06-08 21:03:00,1686258180.0,6,June,8,3,Thursday,0,21
97,Kris_0806-2133.png,20,2023-06-08 21:33:41,2023-06-08 21:33:00,1686259980.0,6,June,8,3,Thursday,0,21
98,Kris_0806-2203.png,13,2023-06-08 22:03:52,2023-06-08 22:03:00,1686261780.0,6,June,8,3,Thursday,0,22
99,Kris_0806-2233.png,13,2023-06-08 22:34:00,2023-06-08 22:33:00,1686263580.0,6,June,8,3,Thursday,0,22
100,Kris_0906-1244.png,1,2023-06-09 12:44:49,2023-06-09 12:44:00,1686314640.0,6,June,9,4,Friday,0,12
101,Kris_0906-1315.png,0,2023-06-09 13:15:06,2023-06-09 13:15:00,1686316500.0,6,June,9,4,Friday,0,13
102,Kris_0906-1345.png,0,2023-06-09 13:45:24,2023-06-09 13:45:00,1686318300.0,6,June,9,4,Friday,0,13
103,Kris_0906-1415.png,2,2023-06-09 14:15:50,2023-06-09 14:15:00,1686320100.0,6,June,9,4,Friday,0,14
104,Kris_0906-1446.png,7,2023-06-09 14:46:18,2023-06-09 14:46:00,1686321960.0,6,June,9,4,Friday,0,14
105,Kris_0906-1516.png,5,2023-06-09 15:16:32,2023-06-09 15:16:00,1686323760.0,6,June,9,4,Friday,0,15
106,Kris_0906-1546.png,3,2023-06-09 15:46:48,2023-06-09 15:46:00,1686325560.0,6,June,9,4,Friday,0,15
107,Kris_0906-1617.png,4,2023-06-09 16:17:12,2023-06-09 16:17:00,1686327420.0,6,June,9,4,Friday,0,16
108,Kris_0906-1647.png,5,2023-06-09 16:47:31,2023-06-09 16:47:00,1686329220.0,6,June,9,4,Friday,0,16
109,Kris_0906-2103.png,7,2023-06-09 21:03:43,2023-06-09 21:03:00,1686344580.0,6,June,9,4,Friday,0,21
110,Kris_0906-2134.png,3,2023-06-09 21:34:01,2023-06-09 21:34:00,1686346440.0,6,June,9,4,Friday,0,21
111,Kris_0906-2204.png,2,2023-06-09 22:04:13,2023-06-09 22:04:00,1686348240.0,6,June,9,4,Friday,0,22
112,Kris_0906-2234.png,5,2023-06-09 22:34:36,2023-06-09 22:34:00,1686350040.0,6,June,9,4,Friday,0,22
113,Kris_0906-2304.png,8,2023-06-09 23:04:48,2023-06-09 23:04:00,1686351840.0,6,June,9,4,Friday,0,23
114,Kris_0906-2335.png,9,2023-06-09 23:35:06,2023-06-09 23:35:00,1686353700.0,6,June,9,4,Friday,0,23
115,Kris_1006-0005.png,12,2023-06-10 0:05:27,2023-06-10 00:05:00,1686355500.0,6,June,10,5,Saturday,0,0
116,Kris_1006-0035.png,14,2023-06-10 0:35:47,2023-06-10 00:35:00,1686357300.0,6,June,10,5,Saturday,0,0
117,Kris_1006-0105.png,13,2023-06-10 1:06:00,2023-06-10 01:05:00,1686359100.0,6,June,10,5,Saturday,0,1
118,Kris_1006-0136.png,11,2023-06-10 1:36:14,2023-06-10 01:36:00,1686360960.0,6,June,10,5,Saturday,0,1
119,Kris_1006-0206.png,12,2023-06-10 2:06:35,2023-06-10 02:06:00,1686362760.0,6,June,10,5,Saturday,0,2
120,Kris_1006-0236.png,9,2023-06-10 2:36:46,2023-06-10 02:36:00,1686364560.0,6,June,10,5,Saturday,0,2
121,Kris_1006-0307.png,7,2023-06-10 3:07:09,2023-06-10 03:07:00,1686366420.0,6,June,10,5,Saturday,0,3
122,Kris_1006-0337.png,4,2023-06-10 3:37:22,2023-06-10 03:37:00,1686368220.0,6,June,10,5,Saturday,0,3
123,Kris_1006-0407.png,4,2023-06-10 4:07:44,2023-06-10 04:07:00,1686370020.0,6,June,10,5,Saturday,0,4
124,Kris_1006-0437.png,4,2023-06-10 4:37:55,2023-06-10 04:37:00,1686371820.0,6,June,10,5,Saturday,0,4
125,Kris_1006-0508.png,4,2023-06-10 5:08:16,2023-06-10 05:08:00,1686373680.0,6,June,10,5,Saturday,0,5
126,Kris_1006-0538.png,4,2023-06-10 5:38:27,2023-06-10 05:38:00,1686375480.0,6,June,10,5,Saturday,0,5
127,Kris_1006-0608.png,5,2023-06-10 6:08:39,2023-06-10 06:08:00,1686377280.0,6,June,10,5,Saturday,0,6
128,Kris_1006-0638.png,4,2023-06-10 6:38:51,2023-06-10 06:38:00,1686379080.0,6,June,10,5,Saturday,0,6
129,Kris_1006-0709.png,4,2023-06-10 7:09:05,2023-06-10 07:09:00,1686380940.0,6,June,10,5,Saturday,0,7
130,Kris_1006-0739.png,5,2023-06-10 7:39:17,2023-06-10 07:39:00,1686382740.0,6,June,10,5,Saturday,0,7
131,Kris_1006-0809.png,8,2023-06-10 8:09:41,2023-06-10 08:09:00,1686384540.0,6,June,10,5,Saturday,0,8
132,Kris_1006-0840.png,12,2023-06-10 8:40:03,2023-06-10 08:40:00,1686386400.0,6,June,10,5,Saturday,0,8
133,Kris_1006-0910.png,10,2023-06-10 9:10:15,2023-06-10 09:10:00,1686388200.0,6,June,10,5,Saturday,0,9
134,Kris_1006-0940.png,9,2023-06-10 9:40:28,2023-06-10 09:40:00,1686390000.0,6,June,10,5,Saturday,0,9
135,Kris_1006-1010.png,21,2023-06-10 10:10:39,2023-06-10 10:10:00,1686391800.0,6,June,10,5,Saturday,0,10
136,Kris_1006-1040.png,23,2023-06-10 10:40:51,2023-06-10 10:40:00,1686393600.0,6,June,10,5,Saturday,0,10
137,Kris_1006-1111.png,23,2023-06-10 11:11:14,2023-06-10 11:11:00,1686395460.0,6,June,10,5,Saturday,0,11
138,Kris_1006-1141.png,22,2023-06-10 11:41:26,2023-06-10 11:41:00,1686397260.0,6,June,10,5,Saturday,0,11
139,Kris_1006-1211.png,20,2023-06-10 12:11:47,2023-06-10 12:11:00,1686399060.0,6,June,10,5,Saturday,0,12
140,Kris_1006-1241.png,29,2023-06-10 12:41:59,2023-06-10 12:41:00,1686400860.0,6,June,10,5,Saturday,0,12
141,Kris_1006-1312.png,33,2023-06-10 13:12:10,2023-06-10 13:12:00,1686402720.0,6,June,10,5,Saturday,0,13
142,Kris_1006-1342.png,24,2023-06-10 13:42:22,2023-06-10 13:42:00,1686404520.0,6,June,10,5,Saturday,0,13
143,Kris_1006-1412.png,26,2023-06-10 14:12:34,2023-06-10 14:12:00,1686406320.0,6,June,10,5,Saturday,0,14
144,Kris_1006-1442.png,32,2023-06-10 14:42:58,2023-06-10 14:42:00,1686408120.0,6,June,10,5,Saturday,0,14
145,Kris_1006-1513.png,27,2023-06-10 15:13:11,2023-06-10 15:13:00,1686409980.0,6,June,10,5,Saturday,0,15
146,Kris_1006-1543.png,20,2023-06-10 15:43:22,2023-06-10 15:43:00,1686411780.0,6,June,10,5,Saturday,0,15
147,Kris_1006-1613.png,29,2023-06-10 16:13:36,2023-06-10 16:13:00,1686413580.0,6,June,10,5,Saturday,0,16
148,Kris_1006-1643.png,25,2023-06-10 16:43:55,2023-06-10 16:43:00,1686415380.0,6,June,10,5,Saturday,0,16
149,Kris_1006-1714.png,26,2023-06-10 17:14:17,2023-06-10 17:14:00,1686417240.0,6,June,10,5,Saturday,0,17
150,Kris_1006-1744.png,34,2023-06-10 17:44:28,2023-06-10 17:44:00,1686419040.0,6,June,10,5,Saturday,0,17
151,Kris_1006-1814.png,34,2023-06-10 18:14:40,2023-06-10 18:14:00,1686420840.0,6,June,10,5,Saturday,0,18
152,Kris_1006-1844.png,33,2023-06-10 18:44:51,2023-06-10 18:44:00,1686422640.0,6,June,10,5,Saturday,0,18
153,Kris_1006-1915.png,49,2023-06-10 19:15:03,2023-06-10 19:15:00,1686424500.0,6,June,10,5,Saturday,0,19
154,Kris_1006-1945.png,45,2023-06-10 19:45:14,2023-06-10 19:45:00,1686426300.0,6,June,10,5,Saturday,0,19
155,Kris_1006-2015.png,37,2023-06-10 20:15:26,2023-06-10 20:15:00,1686428100.0,6,June,10,5,Saturday,0,20
156,Kris_1006-2045.png,37,2023-06-10 20:45:48,2023-06-10 20:45:00,1686429900.0,6,June,10,5,Saturday,0,20
157,Kris_1006-2115.png,30,2023-06-10 21:15:59,2023-06-10 21:15:00,1686431700.0,6,June,10,5,Saturday,0,21
158,Kris_1006-2146.png,37,2023-06-10 21:46:11,2023-06-10 21:46:00,1686433560.0,6,June,10,5,Saturday,0,21
159,Kris_1006-2216.png,32,2023-06-10 22:16:22,2023-06-10 22:16:00,1686435360.0,6,June,10,5,Saturday,0,22
160,Kris_1006-2246.png,39,2023-06-10 22:46:36,2023-06-10 22:46:00,1686437160.0,6,June,10,5,Saturday,0,22
161,Kris_1006-2316.png,42,2023-06-10 23:16:48,2023-06-10 23:16:00,1686438960.0,6,June,10,5,Saturday,0,23
162,Kris_1006-2346.png,42,2023-06-10 23:46:59,2023-06-10 23:46:00,1686440760.0,6,June,10,5,Saturday,0,23
163,Kris_1106-0017.png,37,2023-06-11 0:17:23,2023-06-11 00:17:00,1686442620.0,6,June,11,6,Sunday,0,0
164,Kris_1106-0047.png,37,2023-06-11 0:47:35,2023-06-11 00:47:00,1686444420.0,6,June,11,6,Sunday,0,0
165,Kris_1106-0117.png,35,2023-06-11 1:18:00,2023-06-11 01:17:00,1686446220.0,6,June,11,6,Sunday,0,1
166,Kris_1106-0148.png,33,2023-06-11 1:48:11,2023-06-11 01:48:00,1686448080.0,6,June,11,6,Sunday,0,1
167,Kris_1106-0218.png,32,2023-06-11 2:18:23,2023-06-11 02:18:00,1686449880.0,6,June,11,6,Sunday,0,2
168,Kris_1106-0248.png,32,2023-06-11 2:48:40,2023-06-11 02:48:00,1686451680.0,6,June,11,6,Sunday,0,2
169,Kris_1106-0319.png,23,2023-06-11 3:19:01,2023-06-11 03:19:00,1686453540.0,6,June,11,6,Sunday,0,3
170,Kris_1106-0349.png,22,2023-06-11 3:49:18,2023-06-11 03:49:00,1686455340.0,6,June,11,6,Sunday,0,3
171,Kris_1106-0419.png,23,2023-06-11 4:19:43,2023-06-11 04:19:00,1686457140.0,6,June,11,6,Sunday,0,4
172,Kris_1106-0449.png,23,2023-06-11 4:49:54,2023-06-11 04:49:00,1686458940.0,6,June,11,6,Sunday,0,4
173,Kris_1106-0520.png,25,2023-06-11 5:20:06,2023-06-11 05:20:00,1686460800.0,6,June,11,6,Sunday,0,5
174,Kris_1106-0550.png,24,2023-06-11 5:50:24,2023-06-11 05:50:00,1686462600.0,6,June,11,6,Sunday,0,5
175,Kris_1106-0620.png,20,2023-06-11 6:20:37,2023-06-11 06:20:00,1686464400.0,6,June,11,6,Sunday,0,6
176,Kris_1106-0650.png,24,2023-06-11 6:50:55,2023-06-11 06:50:00,1686466200.0,6,June,11,6,Sunday,0,6
177,Kris_1106-0721.png,24,2023-06-11 7:21:06,2023-06-11 07:21:00,1686468060.0,6,June,11,6,Sunday,0,7
178,Kris_1106-0751.png,23,2023-06-11 7:51:19,2023-06-11 07:51:00,1686469860.0,6,June,11,6,Sunday,0,7
179,Kris_1106-0821.png,22,2023-06-11 8:21:30,2023-06-11 08:21:00,1686471660.0,6,June,11,6,Sunday,0,8
180,Kris_1106-0851.png,20,2023-06-11 8:51:47,2023-06-11 08:51:00,1686473460.0,6,June,11,6,Sunday,0,8
181,Kris_1106-0922.png,21,2023-06-11 9:22:01,2023-06-11 09:22:00,1686475320.0,6,June,11,6,Sunday,0,9
182,Kris_1106-0952.png,19,2023-06-11 9:52:14,2023-06-11 09:52:00,1686477120.0,6,June,11,6,Sunday,0,9
183,Kris_1106-1022.png,17,2023-06-11 10:22:25,2023-06-11 10:22:00,1686478920.0,6,June,11,6,Sunday,0,10
184,Kris_1106-1052.png,20,2023-06-11 10:52:49,2023-06-11 10:52:00,1686480720.0,6,June,11,6,Sunday,0,10
185,Kris_1106-1123.png,20,2023-06-11 11:23:11,2023-06-11 11:23:00,1686482580.0,6,June,11,6,Sunday,0,11
186,Kris_1106-1153.png,23,2023-06-11 11:53:24,2023-06-11 11:53:00,1686484380.0,6,June,11,6,Sunday,0,11
187,Kris_1106-1223.png,19,2023-06-11 12:23:46,2023-06-11 12:23:00,1686486180.0,6,June,11,6,Sunday,0,12
188,Kris_1106-1253.png,23,2023-06-11 12:53:57,2023-06-11 12:53:00,1686487980.0,6,June,11,6,Sunday,0,12
189,Kris_1106-1324.png,35,2023-06-11 13:24:21,2023-06-11 13:24:00,1686489840.0,6,June,11,6,Sunday,0,13
190,Kris_1106-1354.png,29,2023-06-11 13:54:32,2023-06-11 13:54:00,1686491640.0,6,June,11,6,Sunday,0,13
191,Kris_1106-1424.png,25,2023-06-11 14:24:44,2023-06-11 14:24:00,1686493440.0,6,June,11,6,Sunday,0,14
192,Kris_1106-1454.png,24,2023-06-11 14:54:57,2023-06-11 14:54:00,1686495240.0,6,June,11,6,Sunday,0,14
193,Kris_1106-1525.png,25,2023-06-11 15:25:19,2023-06-11 15:25:00,1686497100.0,6,June,11,6,Sunday,0,15
194,Kris_1106-1555.png,28,2023-06-11 15:55:31,2023-06-11 15:55:00,1686498900.0,6,June,11,6,Sunday,0,15
195,Kris_1106-1625.png,40,2023-06-11 16:25:50,2023-06-11 16:25:00,1686500700.0,6,June,11,6,Sunday,0,16
196,Kris_1106-1656.png,32,2023-06-11 16:56:07,2023-06-11 16:56:00,1686502560.0,6,June,11,6,Sunday,0,16
197,Kris_1106-1726.png,27,2023-06-11 17:26:19,2023-06-11 17:26:00,1686504360.0,6,June,11,6,Sunday,0,17
198,Kris_1106-1756.png,27,2023-06-11 17:56:30,2023-06-11 17:56:00,1686506160.0,6,June,11,6,Sunday,0,17
199,Kris_1106-1826.png,40,2023-06-11 18:26:42,2023-06-11 18:26:00,1686507960.0,6,June,11,6,Sunday,0,18
200,Kris_1106-1856.png,33,2023-06-11 18:56:56,2023-06-11 18:56:00,1686509760.0,6,June,11,6,Sunday,0,18
201,Kris_1106-1927.png,32,2023-06-11 19:27:08,2023-06-11 19:27:00,1686511620.0,6,June,11,6,Sunday,0,19
202,Kris_1106-1957.png,37,2023-06-11 19:57:21,2023-06-11 19:57:00,1686513420.0,6,June,11,6,Sunday,0,19
203,Kris_1106-2027.png,35,2023-06-11 20:27:34,2023-06-11 20:27:00,1686515220.0,6,June,11,6,Sunday,0,20
204,Kris_1106-2057.png,33,2023-06-11 20:57:47,2023-06-11 20:57:00,1686517020.0,6,June,11,6,Sunday,0,20
205,Kris_1106-2127.png,28,2023-06-11 21:27:58,2023-06-11 21:27:00,1686518820.0,6,June,11,6,Sunday,0,21
206,Kris_1106-2158.png,30,2023-06-11 21:58:23,2023-06-11 21:58:00,1686520680.0,6,June,11,6,Sunday,0,21
207,Kris_1106-2228.png,24,2023-06-11 22:28:34,2023-06-11 22:28:00,1686522480.0,6,June,11,6,Sunday,0,22
208,Kris_1106-2258.png,19,2023-06-11 22:58:54,2023-06-11 22:58:00,1686524280.0,6,June,11,6,Sunday,0,22
209,Kris_1206-1252.png,38,2023-06-12 12:52:56,2023-06-12 12:52:00,1686574320.0,6,June,12,0,Monday,0,12
210,Kris_1206-1323.png,43,2023-06-12 13:23:13,2023-06-12 13:23:00,1686576180.0,6,June,12,0,Monday,0,13
211,Kris_1206-1353.png,41,2023-06-12 13:53:32,2023-06-12 13:53:00,1686577980.0,6,June,12,0,Monday,0,13
212,Kris_1206-1423.png,42,2023-06-12 14:23:51,2023-06-12 14:23:00,1686579780.0,6,June,12,0,Monday,0,14
213,Kris_1206-1454.png,43,2023-06-12 14:54:10,2023-06-12 14:54:00,1686581640.0,6,June,12,0,Monday,0,14
214,Kris_1206-1524.png,42,2023-06-12 15:24:28,2023-06-12 15:24:00,1686583440.0,6,June,12,0,Monday,0,15
215,Kris_1206-1554.png,41,2023-06-12 15:54:44,2023-06-12 15:54:00,1686585240.0,6,June,12,0,Monday,0,15
216,Kris_1206-1701.png,47,2023-06-12 17:01:34,2023-06-12 17:01:00,1686589260.0,6,June,12,0,Monday,0,17
217,Kris_1206-1731.png,45,2023-06-12 17:31:52,2023-06-12 17:31:00,1686591060.0,6,June,12,0,Monday,0,17
218,Kris_1206-1802.png,42,2023-06-12 18:02:09,2023-06-12 18:02:00,1686592920.0,6,June,12,0,Monday,0,18
219,Kris_1206-1832.png,41,2023-06-12 18:32:27,2023-06-12 18:32:00,1686594720.0,6,June,12,0,Monday,0,18
220,Kris_1206-1902.png,46,2023-06-12 19:02:47,2023-06-12 19:02:00,1686596520.0,6,June,12,0,Monday,0,19
221,Kris_1206-1933.png,46,2023-06-12 19:33:03,2023-06-12 19:33:00,1686598380.0,6,June,12,0,Monday,0,19
222,Kris_1206-2003.png,46,2023-06-12 20:03:20,2023-06-12 20:03:00,1686600180.0,6,June,12,0,Monday,0,20
223,Kris_1206-2033.png,48,2023-06-12 20:33:36,2023-06-12 20:33:00,1686601980.0,6,June,12,0,Monday,0,20
224,Kris_1206-2103.png,33,2023-06-12 21:03:47,2023-06-12 21:03:00,1686603780.0,6,June,12,0,Monday,0,21
225,Kris_1206-2134.png,37,2023-06-12 21:34:04,2023-06-12 21:34:00,1686605640.0,6,June,12,0,Monday,0,21
226,Kris_1206-2204.png,35,2023-06-12 22:04:20,2023-06-12 22:04:00,1686607440.0,6,June,12,0,Monday,0,22
227,Kris_1306-0005.png,33,2023-06-13 0:05:31,2023-06-13 00:05:00,1686614700.0,6,June,13,1,Tuesday,0,0
228,Kris_1306-0106.png,33,2023-06-13 1:06:06,2023-06-13 01:06:00,1686618360.0,6,June,13,1,Tuesday,0,1
229,Kris_1306-0136.png,29,2023-06-13 1:36:22,2023-06-13 01:36:00,1686620160.0,6,June,13,1,Tuesday,0,1
230,Kris_1306-0206.png,29,2023-06-13 2:06:39,2023-06-13 02:06:00,1686621960.0,6,June,13,1,Tuesday,0,2
231,Kris_1306-0307.png,30,2023-06-13 3:07:13,2023-06-13 03:07:00,1686625620.0,6,June,13,1,Tuesday,0,3
232,Kris_1306-0337.png,29,2023-06-13 3:37:29,2023-06-13 03:37:00,1686627420.0,6,June,13,1,Tuesday,0,3
233,Kris_1306-0407.png,30,2023-06-13 4:07:48,2023-06-13 04:07:00,1686629220.0,6,June,13,1,Tuesday,0,4
234,Kris_1306-0438.png,30,2023-06-13 4:38:05,2023-06-13 04:38:00,1686631080.0,6,June,13,1,Tuesday,0,4
235,Kris_1306-0508.png,32,2023-06-13 5:08:22,2023-06-13 05:08:00,1686632880.0,6,June,13,1,Tuesday,0,5
236,Kris_1306-0538.png,32,2023-06-13 5:38:38,2023-06-13 05:38:00,1686634680.0,6,June,13,1,Tuesday,0,5
237,Kris_1306-0608.png,31,2023-06-13 6:08:54,2023-06-13 06:08:00,1686636480.0,6,June,13,1,Tuesday,0,6
238,Kris_1306-0639.png,29,2023-06-13 6:39:12,2023-06-13 06:39:00,1686638340.0,6,June,13,1,Tuesday,0,6
239,Kris_1306-0709.png,20,2023-06-13 7:09:29,2023-06-13 07:09:00,1686640140.0,6,June,13,1,Tuesday,0,7
240,Kris_1306-0739.png,23,2023-06-13 7:39:45,2023-06-13 07:39:00,1686641940.0,6,June,13,1,Tuesday,0,7
241,Kris_1306-0810.png,28,2023-06-13 8:10:01,2023-06-13 08:10:00,1686643800.0,6,June,13,1,Tuesday,0,8
242,Kris_1306-0840.png,27,2023-06-13 8:40:19,2023-06-13 08:40:00,1686645600.0,6,June,13,1,Tuesday,0,8
243,Kris_1306-0910.png,36,2023-06-13 9:10:38,2023-06-13 09:10:00,1686647400.0,6,June,13,1,Tuesday,0,9
244,Kris_1306-0940.png,35,2023-06-13 9:40:55,2023-06-13 09:40:00,1686649200.0,6,June,13,1,Tuesday,0,9
245,Kris_1306-1011.png,46,2023-06-13 10:11:11,2023-06-13 10:11:00,1686651060.0,6,June,13,1,Tuesday,0,10
246,Kris_1306-1041.png,42,2023-06-13 10:41:28,2023-06-13 10:41:00,1686652860.0,6,June,13,1,Tuesday,0,10
247,Kris_1306-1111.png,35,2023-06-13 11:11:48,2023-06-13 11:11:00,1686654660.0,6,June,13,1,Tuesday,0,11
248,Kris_1306-1142.png,42,2023-06-13 11:42:04,2023-06-13 11:42:00,1686656520.0,6,June,13,1,Tuesday,0,11
249,Kris_1306-1212.png,38,2023-06-13 12:12:22,2023-06-13 12:12:00,1686658320.0,6,June,13,1,Tuesday,0,12
250,Kris_1306-1242.png,35,2023-06-13 12:42:38,2023-06-13 12:42:00,1686660120.0,6,June,13,1,Tuesday,0,12
251,Kris_1306-1312.png,39,2023-06-13 13:12:55,2023-06-13 13:12:00,1686661920.0,6,June,13,1,Tuesday,0,13
252,Kris_1306-1343.png,39,2023-06-13 13:43:13,2023-06-13 13:43:00,1686663780.0,6,June,13,1,Tuesday,0,13
253,Kris_1306-1413.png,29,2023-06-13 14:13:30,2023-06-13 14:13:00,1686665580.0,6,June,13,1,Tuesday,0,14
254,Kris_1306-1443.png,52,2023-06-13 14:43:47,2023-06-13 14:43:00,1686667380.0,6,June,13,1,Tuesday,0,14
255,Kris_1306-1514.png,39,2023-06-13 15:14:04,2023-06-13 15:14:00,1686669240.0,6,June,13,1,Tuesday,0,15
256,Kris_1306-1544.png,53,2023-06-13 15:44:21,2023-06-13 15:44:00,1686671040.0,6,June,13,1,Tuesday,0,15
257,Kris_1306-1614.png,42,2023-06-13 16:14:39,2023-06-13 16:14:00,1686672840.0,6,June,13,1,Tuesday,0,16
258,Kris_1306-1715.png,44,2023-06-13 17:15:15,2023-06-13 17:15:00,1686676500.0,6,June,13,1,Tuesday,0,17
259,Kris_1306-1745.png,43,2023-06-13 17:45:34,2023-06-13 17:45:00,1686678300.0,6,June,13,1,Tuesday,0,17
260,Kris_1306-1816.png,51,2023-06-13 18:16:50,2023-06-13 18:16:00,1686680160.0,6,June,13,1,Tuesday,0,18
261,Kris_1306-1847.png,40,2023-06-13 18:47:01,2023-06-13 18:47:00,1686682020.0,6,June,13,1,Tuesday,0,18
262,Kris_1306-1917.png,46,2023-06-13 19:17:18,2023-06-13 19:17:00,1686683820.0,6,June,13,1,Tuesday,0,19
263,Kris_1306-1947.png,44,2023-06-13 19:47:35,2023-06-13 19:47:00,1686685620.0,6,June,13,1,Tuesday,0,19
264,Kris_1306-2017.png,46,2023-06-13 20:17:51,2023-06-13 20:17:00,1686687420.0,6,June,13,1,Tuesday,0,20
265,Kris_1306-2048.png,40,2023-06-13 20:48:09,2023-06-13 20:48:00,1686689280.0,6,June,13,1,Tuesday,0,20
266,Kris_1306-2118.png,41,2023-06-13 21:18:26,2023-06-13 21:18:00,1686691080.0,6,June,13,1,Tuesday,0,21
267,Kris_1306-2148.png,47,2023-06-13 21:48:45,2023-06-13 21:48:00,1686692880.0,6,June,13,1,Tuesday,0,21
268,Kris_1306-2219.png,39,2023-06-13 22:19:01,2023-06-13 22:19:00,1686694740.0,6,June,13,1,Tuesday,0,22
269,Kris_1306-2319.png,32,2023-06-13 23:19:34,2023-06-13 23:19:00,1686698340.0,6,June,13,1,Tuesday,0,23
270,Kris_1306-2349.png,35,2023-06-13 23:49:54,2023-06-13 23:49:00,1686700140.0,6,June,13,1,Tuesday,0,23
271,Kris_1406-0020.png,40,2023-06-14 0:20:10,2023-06-14 00:20:00,1686702000.0,6,June,14,2,Wednesday,0,0
272,Kris_1406-0050.png,42,2023-06-14 0:50:27,2023-06-14 00:50:00,1686703800.0,6,June,14,2,Wednesday,0,0
273,Kris_1406-0120.png,37,2023-06-14 1:20:43,2023-06-14 01:20:00,1686705600.0,6,June,14,2,Wednesday,0,1
274,Kris_1406-0150.png,42,2023-06-14 1:51:00,2023-06-14 01:50:00,1686707400.0,6,June,14,2,Wednesday,0,1
275,Kris_1406-0221.png,46,2023-06-14 2:21:18,2023-06-14 02:21:00,1686709260.0,6,June,14,2,Wednesday,0,2
276,Kris_1406-0251.png,45,2023-06-14 2:51:36,2023-06-14 02:51:00,1686711060.0,6,June,14,2,Wednesday,0,2
277,Kris_1406-0321.png,40,2023-06-14 3:21:52,2023-06-14 03:21:00,1686712860.0,6,June,14,2,Wednesday,0,3
278,Kris_1406-0352.png,45,2023-06-14 3:52:08,2023-06-14 03:52:00,1686714720.0,6,June,14,2,Wednesday,0,3
279,Kris_1406-0422.png,35,2023-06-14 4:22:25,2023-06-14 04:22:00,1686716520.0,6,June,14,2,Wednesday,0,4
280,Kris_1406-0452.png,43,2023-06-14 4:52:42,2023-06-14 04:52:00,1686718320.0,6,June,14,2,Wednesday,0,4
281,Kris_1406-0522.png,42,2023-06-14 5:22:58,2023-06-14 05:22:00,1686720120.0,6,June,14,2,Wednesday,0,5
282,Kris_1406-0553.png,40,2023-06-14 5:53:19,2023-06-14 05:53:00,1686721980.0,6,June,14,2,Wednesday,0,5
283,Kris_1406-0623.png,29,2023-06-14 6:23:37,2023-06-14 06:23:00,1686723780.0,6,June,14,2,Wednesday,0,6
284,Kris_1406-0653.png,34,2023-06-14 6:53:47,2023-06-14 06:53:00,1686725580.0,6,June,14,2,Wednesday,0,6
285,Kris_1406-0724.png,42,2023-06-14 7:24:03,2023-06-14 07:24:00,1686727440.0,6,June,14,2,Wednesday,0,7
286,Kris_1406-0754.png,48,2023-06-14 7:54:21,2023-06-14 07:54:00,1686729240.0,6,June,14,2,Wednesday,0,7
287,Kris_1406-0824.png,47,2023-06-14 8:24:38,2023-06-14 08:24:00,1686731040.0,6,June,14,2,Wednesday,0,8
288,Kris_1406-0854.png,51,2023-06-14 8:54:54,2023-06-14 08:54:00,1686732840.0,6,June,14,2,Wednesday,0,8
289,Kris_1406-0925.png,43,2023-06-14 9:25:13,2023-06-14 09:25:00,1686734700.0,6,June,14,2,Wednesday,0,9
290,Kris_1406-0955.png,44,2023-06-14 9:55:31,2023-06-14 09:55:00,1686736500.0,6,June,14,2,Wednesday,0,9
291,Kris_1406-1025.png,44,2023-06-14 10:25:47,2023-06-14 10:25:00,1686738300.0,6,June,14,2,Wednesday,0,10
292,Kris_1406-1056.png,46,2023-06-14 10:56:05,2023-06-14 10:56:00,1686740160.0,6,June,14,2,Wednesday,0,10
293,Kris_1406-1126.png,45,2023-06-14 11:26:16,2023-06-14 11:26:00,1686741960.0,6,June,14,2,Wednesday,0,11
294,Kris_1406-1156.png,46,2023-06-14 11:56:34,2023-06-14 11:56:00,1686743760.0,6,June,14,2,Wednesday,0,11
295,Kris_1406-1226.png,47,2023-06-14 12:26:50,2023-06-14 12:26:00,1686745560.0,6,June,14,2,Wednesday,0,12
296,Kris_1406-1257.png,47,2023-06-14 12:57:12,2023-06-14 12:57:00,1686747420.0,6,June,14,2,Wednesday,0,12
297,Kris_1406-1327.png,42,2023-06-14 13:27:30,2023-06-14 13:27:00,1686749220.0,6,June,14,2,Wednesday,0,13
298,Kris_1406-1357.png,54,2023-06-14 13:57:48,2023-06-14 13:57:00,1686751020.0,6,June,14,2,Wednesday,0,13
299,Kris_1706-1458.png,54,2023-06-17 14:58:51,2023-06-17 14:58:00,1687013880.0,6,June,17,5,Saturday,0,14
300,Kris_1706-1529.png,50,2023-06-17 15:29:11,2023-06-17 15:29:00,1687015740.0,6,June,17,5,Saturday,0,15
301,Kris_1706-1559.png,41,2023-06-17 15:59:31,2023-06-17 15:59:00,1687017540.0,6,June,17,5,Saturday,0,15
302,Kris_1706-1629.png,44,2023-06-17 16:29:47,2023-06-17 16:29:00,1687019340.0,6,June,17,5,Saturday,0,16
303,Kris_1706-1659.png,51,2023-06-17 16:59:58,2023-06-17 16:59:00,1687021140.0,6,June,17,5,Saturday,0,16
304,Kris_1706-1730.png,48,2023-06-17 17:30:16,2023-06-17 17:30:00,1687023000.0,6,June,17,5,Saturday,0,17
305,Kris_1706-1800.png,40,2023-06-17 18:00:34,2023-06-17 18:00:00,1687024800.0,6,June,17,5,Saturday,0,18
306,Kris_1706-1830.png,50,2023-06-17 18:30:44,2023-06-17 18:30:00,1687026600.0,6,June,17,5,Saturday,0,18
307,Kris_1706-1901.png,35,2023-06-17 19:01:01,2023-06-17 19:01:00,1687028460.0,6,June,17,5,Saturday,0,19
308,Kris_1706-1931.png,40,2023-06-17 19:31:17,2023-06-17 19:31:00,1687030260.0,6,June,17,5,Saturday,0,19
309,Kris_1706-2001.png,42,2023-06-17 20:01:34,2023-06-17 20:01:00,1687032060.0,6,June,17,5,Saturday,0,20
310,Kris_1706-2031.png,43,2023-06-17 20:31:46,2023-06-17 20:31:00,1687033860.0,6,June,17,5,Saturday,0,20
311,Kris_1706-2102.png,44,2023-06-17 21:02:03,2023-06-17 21:02:00,1687035720.0,6,June,17,5,Saturday,0,21
312,Kris_1706-2132.png,45,2023-06-17 21:32:21,2023-06-17 21:32:00,1687037520.0,6,June,17,5,Saturday,0,21
313,Kris_1706-2202.png,43,2023-06-17 22:02:39,2023-06-17 22:02:00,1687039320.0,6,June,17,5,Saturday,0,22
314,Kris_1706-2232.png,44,2023-06-17 22:32:57,2023-06-17 22:32:00,1687041120.0,6,June,17,5,Saturday,0,22
315,Kris_1706-2303.png,45,2023-06-17 23:03:15,2023-06-17 23:03:00,1687042980.0,6,June,17,5,Saturday,0,23
316,Kris_1706-2333.png,44,2023-06-17 23:33:33,2023-06-17 23:33:00,1687044780.0,6,June,17,5,Saturday,0,23
317,Kris_1806-0003.png,45,2023-06-18 0:03:52,2023-06-18 00:03:00,1687046580.0,6,June,18,6,Sunday,0,0
318,Kris_1806-0034.png,49,2023-06-18 0:34:10,2023-06-18 00:34:00,1687048440.0,6,June,18,6,Sunday,0,0
319,Kris_1806-0104.png,49,2023-06-18 1:04:27,2023-06-18 01:04:00,1687050240.0,6,June,18,6,Sunday,0,1
320,Kris_1806-0134.png,29,2023-06-18 1:34:48,2023-06-18 01:34:00,1687052040.0,6,June,18,6,Sunday,0,1
321,Kris_1806-0205.png,25,2023-06-18 2:05:06,2023-06-18 02:05:00,1687053900.0,6,June,18,6,Sunday,0,2
322,Kris_1806-0235.png,24,2023-06-18 2:35:24,2023-06-18 02:35:00,1687055700.0,6,June,18,6,Sunday,0,2
323,Kris_1806-0305.png,39,2023-06-18 3:05:44,2023-06-18 03:05:00,1687057500.0,6,June,18,6,Sunday,0,3
324,Kris_1806-0336.png,29,2023-06-18 3:36:01,2023-06-18 03:36:00,1687059360.0,6,June,18,6,Sunday,0,3
325,Kris_1806-0406.png,25,2023-06-18 4:06:18,2023-06-18 04:06:00,1687061160.0,6,June,18,6,Sunday,0,4
326,Kris_1806-0436.png,24,2023-06-18 4:36:35,2023-06-18 04:36:00,1687062960.0,6,June,18,6,Sunday,0,4
327,Kris_1806-0506.png,23,2023-06-18 5:06:55,2023-06-18 05:06:00,1687064760.0,6,June,18,6,Sunday,0,5
328,Kris_1806-0537.png,25,2023-06-18 5:37:12,2023-06-18 05:37:00,1687066620.0,6,June,18,6,Sunday,0,5
329,Kris_1806-0607.png,24,2023-06-18 6:07:28,2023-06-18 06:07:00,1687068420.0,6,June,18,6,Sunday,0,6
330,Kris_1806-0637.png,25,2023-06-18 6:37:47,2023-06-18 06:37:00,1687070220.0,6,June,18,6,Sunday,0,6
331,Kris_1806-0707.png,25,2023-06-18 7:07:57,2023-06-18 07:07:00,1687072020.0,6,June,18,6,Sunday,0,7
332,Kris_1806-0738.png,23,2023-06-18 7:38:13,2023-06-18 07:38:00,1687073880.0,6,June,18,6,Sunday,0,7
333,Kris_1806-0808.png,25,2023-06-18 8:08:33,2023-06-18 08:08:00,1687075680.0,6,June,18,6,Sunday,0,8
334,Kris_1806-0838.png,29,2023-06-18 8:38:50,2023-06-18 08:38:00,1687077480.0,6,June,18,6,Sunday,0,8
335,Kris_1806-0909.png,26,2023-06-18 9:09:10,2023-06-18 09:09:00,1687079340.0,6,June,18,6,Sunday,0,9
336,Kris_1806-0939.png,40,2023-06-18 9:39:27,2023-06-18 09:39:00,1687081140.0,6,June,18,6,Sunday,0,9
337,Kris_1806-1009.png,20,2023-06-18 10:09:44,2023-06-18 10:09:00,1687082940.0,6,June,18,6,Sunday,0,10
338,Kris_1806-1040.png,29,2023-06-18 10:40:02,2023-06-18 10:40:00,1687084800.0,6,June,18,6,Sunday,0,10
339,Kris_1806-1110.png,40,2023-06-18 11:10:22,2023-06-18 11:10:00,1687086600.0,6,June,18,6,Sunday,0,11
340,Kris_1806-1140.png,42,2023-06-18 11:40:38,2023-06-18 11:40:00,1687088400.0,6,June,18,6,Sunday,0,11
341,Kris_1806-1210.png,40,2023-06-18 12:10:54,2023-06-18 12:10:00,1687090200.0,6,June,18,6,Sunday,0,12
342,Kris_1806-1241.png,46,2023-06-18 12:41:10,2023-06-18 12:41:00,1687092060.0,6,June,18,6,Sunday,0,12
343,Kris_1906-1433.png,24,2023-06-26 13:19:08,2023-06-19 14:33:00,1687185180.0,6,June,19,0,Monday,0,14
344,Kris_1906-1434.png,45,2023-06-26 13:18:27,2023-06-19 14:34:00,1687185240.0,6,June,19,0,Monday,0,14
345,Kris_1906-1453.png,54,2023-06-26 13:17:17,2023-06-19 14:53:00,1687186380.0,6,June,19,0,Monday,0,14
346,Kris_1906-1542.png,36,2023-06-26 13:16:19,2023-06-19 15:42:00,1687189320.0,6,June,19,0,Monday,0,15
347,Kris_1906-1612.png,44,2023-06-26 13:15:34,2023-06-19 16:12:00,1687191120.0,6,June,19,0,Monday,0,16
348,Kris_1906-1622.png,45,2023-06-25 20:35:10,2023-06-19 16:22:00,1687191720.0,6,June,19,0,Monday,0,16
349,Kris_1906-1631.png,50,2023-06-25 20:37:44,2023-06-19 16:31:00,1687192260.0,6,June,19,0,Monday,0,16
350,Kris_1906-1655.png,53,2023-06-25 20:39:20,2023-06-19 16:55:00,1687193700.0,6,June,19,0,Monday,0,16
351,Kris_1906-1710.png,47,2023-06-25 20:41:35,2023-06-19 17:10:00,1687194600.0,6,June,19,0,Monday,0,17
352,Kris_1906-1712.png,34,2023-06-25 20:42:58,2023-06-19 17:12:00,1687194720.0,6,June,19,0,Monday,0,17
353,Kris_1906-1752.png,37,2023-06-25 20:43:50,2023-06-19 17:52:00,1687197120.0,6,June,19,0,Monday,0,17
354,Kris_1906-1807.png,40,2023-06-25 20:44:43,2023-06-19 18:07:00,1687198020.0,6,June,19,0,Monday,0,18
355,Kris_1906-1834.png,38,2023-06-25 20:45:56,2023-06-19 18:34:00,1687199640.0,6,June,19,0,Monday,0,18
356,Kris_1906-1917.png,39,2023-06-25 20:46:56,2023-06-19 19:17:00,1687202220.0,6,June,19,0,Monday,0,19
357,Kris_1906-2017.png,40,2023-06-25 20:47:57,2023-06-19 20:17:00,1687205820.0,6,June,19,0,Monday,0,20
358,Kris_1906-2018.png,37,2023-06-25 20:48:47,2023-06-19 20:18:00,1687205880.0,6,June,19,0,Monday,0,20
359,Kris_1906-2026.png,42,2023-06-25 20:49:34,2023-06-19 20:26:00,1687206360.0,6,June,19,0,Monday,0,20
360,Kris_1906-2034.png,43,2023-06-25 20:50:29,2023-06-19 20:34:00,1687206840.0,6,June,19,0,Monday,0,20
361,Kris_1906-2112.png,43,2023-06-25 20:51:06,2023-06-19 21:12:00,1687209120.0,6,June,19,0,Monday,0,21
362,Kris_1906-2141.png,45,2023-06-25 20:52:16,2023-06-19 21:41:00,1687210860.0,6,June,19,0,Monday,0,21
363,Kris_1906-2206.png,45,2023-06-25 20:53:22,2023-06-19 22:06:00,1687212360.0,6,June,19,0,Monday,0,22
364,Kris_1906-2241.png,52,2023-06-25 20:55:26,2023-06-19 22:41:00,1687214460.0,6,June,19,0,Monday,0,22
365,Kris_1906-2326.png,43,2023-06-25 20:56:36,2023-06-19 23:26:00,1687217160.0,6,June,19,0,Monday,0,23
366,Kris_1906-2344.png,41,2023-06-25 20:57:27,2023-06-19 23:44:00,1687218240.0,6,June,19,0,Monday,0,23
367,Kris_2006-0012.png,40,2023-06-25 20:58:05,2023-06-20 00:12:00,1687219920.0,6,June,20,1,Tuesday,0,0
368,Kris_2006-0051.png,36,2023-06-25 20:59:00,2023-06-20 00:51:00,1687222260.0,6,June,20,1,Tuesday,0,0
369,Kris_2006-0121.png,43,2023-06-25 20:59:56,2023-06-20 01:21:00,1687224060.0,6,June,20,1,Tuesday,0,1
370,Kris_2006-0213.png,39,2023-06-25 21:00:50,2023-06-20 02:13:00,1687227180.0,6,June,20,1,Tuesday,0,2
371,Kris_2006-0241.png,42,2023-06-25 21:02:17,2023-06-20 02:41:00,1687228860.0,6,June,20,1,Tuesday,0,2
372,Kris_2006-0247.png,40,2023-06-25 21:02:56,2023-06-20 02:47:00,1687229220.0,6,June,20,1,Tuesday,0,2
373,Kris_2006-0250.png,42,2023-06-25 21:03:36,2023-06-20 02:50:00,1687229400.0,6,June,20,1,Tuesday,0,2
374,Kris_2006-0305.png,42,2023-06-25 21:04:32,2023-06-20 03:05:00,1687230300.0,6,June,20,1,Tuesday,0,3
375,Kris_2006-0402.png,41,2023-06-25 21:05:21,2023-06-20 04:02:00,1687233720.0,6,June,20,1,Tuesday,0,4
376,Kris_2006-0501.png,41,2023-06-25 21:06:21,2023-06-20 05:01:00,1687237260.0,6,June,20,1,Tuesday,0,5
377,Kris_2006-0554.png,40,2023-06-25 21:07:25,2023-06-20 05:54:00,1687240440.0,6,June,20,1,Tuesday,0,5
378,Kris_2006-0624.png,38,2023-06-25 21:08:18,2023-06-20 06:24:00,1687242240.0,6,June,20,1,Tuesday,0,6
379,Kris_2006-0652.png,40,2023-06-25 21:09:01,2023-06-20 06:52:00,1687243920.0,6,June,20,1,Tuesday,0,6
380,Kris_2006-0722.png,31,2023-06-25 21:11:25,2023-06-20 07:22:00,1687245720.0,6,June,20,1,Tuesday,0,7
381,Kris_2006-0817.png,36,2023-06-25 21:12:12,2023-06-20 08:17:00,1687249020.0,6,June,20,1,Tuesday,0,8
382,Kris_2006-0838.png,38,2023-06-25 21:12:59,2023-06-20 08:38:00,1687250280.0,6,June,20,1,Tuesday,0,8
383,Kris_2006-0904.png,43,2023-06-25 21:13:45,2023-06-20 09:04:00,1687251840.0,6,June,20,1,Tuesday,0,9
384,Kris_2006-0913.png,41,2023-06-25 21:14:24,2023-06-20 09:13:00,1687252380.0,6,June,20,1,Tuesday,0,9
385,Kris_2006-0917.png,41,2023-06-25 21:15:12,2023-06-20 09:17:00,1687252620.0,6,June,20,1,Tuesday,0,9
386,Kris_2006-0922.png,43,2023-06-25 21:16:02,2023-06-20 09:22:00,1687252920.0,6,June,20,1,Tuesday,0,9
387,Kris_2006-0924.png,42,2023-06-25 21:16:44,2023-06-20 09:24:00,1687253040.0,6,June,20,1,Tuesday,0,9
388,Kris_2006-0937.png,35,2023-06-25 21:17:33,2023-06-20 09:37:00,1687253820.0,6,June,20,1,Tuesday,0,9
389,Kris_2006-0951.png,36,2023-06-25 21:18:15,2023-06-20 09:51:00,1687254660.0,6,June,20,1,Tuesday,0,9
390,Kris_2006-1000.png,39,2023-06-25 21:19:24,2023-06-20 10:00:00,1687255200.0,6,June,20,1,Tuesday,0,10
391,Kris_2006-1021.png,38,2023-06-25 21:20:16,2023-06-20 10:21:00,1687256460.0,6,June,20,1,Tuesday,0,10
392,Kris_2006-1107.png,42,2023-06-25 21:21:09,2023-06-20 11:07:00,1687259220.0,6,June,20,1,Tuesday,0,11
393,Kris_2006-1118.png,36,2023-06-25 21:21:52,2023-06-20 11:18:00,1687259880.0,6,June,20,1,Tuesday,0,11
394,Kris_2006-1134.png,38,2023-06-25 21:22:37,2023-06-20 11:34:00,1687260840.0,6,June,20,1,Tuesday,0,11
395,Kris_2006-1147.png,40,2023-06-25 21:23:52,2023-06-20 11:47:00,1687261620.0,6,June,20,1,Tuesday,0,11
396,Kris_2006-1239.png,41,2023-06-25 21:25:27,2023-06-20 12:39:00,1687264740.0,6,June,20,1,Tuesday,0,12
397,Kris_2006-1312.png,38,2023-06-25 21:26:33,2023-06-20 13:12:00,1687266720.0,6,June,20,1,Tuesday,0,13
398,Kris_2006-1404.png,48,2023-06-25 21:27:51,2023-06-20 14:04:00,1687269840.0,6,June,20,1,Tuesday,0,14
399,Kris_2006-1415.png,48,2023-06-25 21:28:38,2023-06-20 14:15:00,1687270500.0,6,June,20,1,Tuesday,0,14
400,Kris_2006-1441.png,52,2023-06-25 21:29:44,2023-06-20 14:41:00,1687272060.0,6,June,20,1,Tuesday,0,14
401,Kris_2006-1457.png,36,2023-06-25 21:30:36,2023-06-20 14:57:00,1687273020.0,6,June,20,1,Tuesday,0,14
402,Kris_2006-1555.png,33,2023-06-25 21:31:24,2023-06-20 15:55:00,1687276500.0,6,June,20,1,Tuesday,0,15
403,Kris_2006-1644.png,43,2023-06-25 21:32:22,2023-06-20 16:44:00,1687279440.0,6,June,20,1,Tuesday,0,16
404,Kris_2006-1738.png,43,2023-06-25 21:33:19,2023-06-20 17:38:00,1687282680.0,6,June,20,1,Tuesday,0,17
405,Kris_2006-1745.png,42,2023-06-25 21:34:24,2023-06-20 17:45:00,1687283100.0,6,June,20,1,Tuesday,0,17
406,Kris_2006-1828.png,36,2023-06-25 21:35:09,2023-06-20 18:28:00,1687285680.0,6,June,20,1,Tuesday,0,18
407,Kris_2006-1855.png,53,2023-06-25 21:35:59,2023-06-20 18:55:00,1687287300.0,6,June,20,1,Tuesday,0,18
408,Kris_2006-1921.png,45,2023-06-25 21:36:50,2023-06-20 19:21:00,1687288860.0,6,June,20,1,Tuesday,0,19
409,Kris_2006-2021.png,54,2023-06-25 21:37:53,2023-06-20 20:21:00,1687292460.0,6,June,20,1,Tuesday,0,20
410,Kris_2006-2038.png,51,2023-06-25 21:38:50,2023-06-20 20:38:00,1687293480.0,6,June,20,1,Tuesday,0,20
411,Kris_2406-1419.png,23,2023-06-25 21:39:57,2023-06-24 14:19:00,1687616340.0,6,June,24,5,Saturday,0,14
412,Kris_2406-1459.png,32,2023-06-25 21:40:34,2023-06-24 14:59:00,1687618740.0,6,June,24,5,Saturday,0,14
413,Kris_2406-1506.png,32,2023-06-25 21:41:19,2023-06-24 15:06:00,1687619160.0,6,June,24,5,Saturday,0,15
414,Kris_2406-1514.png,32,2023-06-25 21:42:01,2023-06-24 15:14:00,1687619640.0,6,June,24,5,Saturday,0,15
415,Kris_2406-1609.png,26,2023-06-25 21:42:36,2023-06-24 16:09:00,1687622940.0,6,June,24,5,Saturday,0,16
416,Kris_2406-1653.png,32,2023-06-25 21:43:15,2023-06-24 16:53:00,1687625580.0,6,June,24,5,Saturday,0,16
417,Kris_2406-1716.png,32,2023-06-25 21:43:59,2023-06-24 17:16:00,1687626960.0,6,June,24,5,Saturday,0,17
418,Kris_2406-1732.png,29,2023-06-25 21:44:42,2023-06-24 17:32:00,1687627920.0,6,June,24,5,Saturday,0,17
419,Kris_2406-1754.png,26,2023-06-25 21:45:28,2023-06-24 17:54:00,1687629240.0,6,June,24,5,Saturday,0,17
420,Kris_2406-1838.png,29,2023-06-25 21:46:30,2023-06-24 18:38:00,1687631880.0,6,June,24,5,Saturday,0,18
421,Kris_2406-1937.png,35,2023-06-25 21:47:09,2023-06-24 19:37:00,1687635420.0,6,June,24,5,Saturday,0,19
422,Kris_2406-2011.png,37,2023-06-25 21:47:58,2023-06-24 20:11:00,1687637460.0,6,June,24,5,Saturday,0,20
423,Kris_2406-2032.png,34,2023-06-25 21:48:42,2023-06-24 20:32:00,1687638720.0,6,June,24,5,Saturday,0,20
424,Kris_2406-2128.png,33,2023-06-25 21:49:17,2023-06-24 21:28:00,1687642080.0,6,June,24,5,Saturday,0,21
425,Kris_2406-2216.png,41,2023-06-25 21:50:08,2023-06-24 22:16:00,1687644960.0,6,June,24,5,Saturday,0,22
426,Kris_2406-2238.png,34,2023-06-25 21:50:50,2023-06-24 22:38:00,1687646280.0,6,June,24,5,Saturday,0,22
427,Kris_2406-2257.png,52,2023-06-25 21:51:57,2023-06-24 22:57:00,1687647420.0,6,June,24,5,Saturday,0,22
428,Kris_2406-2346.png,46,2023-06-25 21:53:05,2023-06-24 23:46:00,1687650360.0,6,June,24,5,Saturday,0,23
429,Kris_2506-0044.png,50,2023-06-25 21:54:05,2023-06-25 00:44:00,1687653840.0,6,June,25,6,Sunday,0,0
430,Kris_2506-0051.png,50,2023-06-25 21:55:09,2023-06-25 00:51:00,1687654260.0,6,June,25,6,Sunday,0,0
431,Kris_2506-0109.png,50,2023-06-25 21:56:21,2023-06-25 01:09:00,1687655340.0,6,June,25,6,Sunday,0,1
432,Kris_2506-0138.png,47,2023-06-25 21:57:13,2023-06-25 01:38:00,1687657080.0,6,June,25,6,Sunday,0,1
433,Kris_2506-0156.png,48,2023-06-25 22:00:12,2023-06-25 01:56:00,1687658160.0,6,June,25,6,Sunday,0,1
434,Kris_2506-0242.png,58,2023-06-25 22:01:26,2023-06-25 02:42:00,1687660920.0,6,June,25,6,Sunday,0,2
435,Kris_2506-0316.png,42,2023-06-25 22:02:27,2023-06-25 03:16:00,1687662960.0,6,June,25,6,Sunday,0,3
436,Kris_2506-0330.png,34,2023-06-25 22:03:21,2023-06-25 03:30:00,1687663800.0,6,June,25,6,Sunday,0,3
437,Kris_2506-0429.png,36,2023-06-25 22:04:09,2023-06-25 04:29:00,1687667340.0,6,June,25,6,Sunday,0,4
438,Kris_2506-0523.png,33,2023-06-25 22:05:06,2023-06-25 05:23:00,1687670580.0,6,June,25,6,Sunday,0,5
439,Kris_2506-0622.png,32,2023-06-25 22:06:39,2023-06-25 06:22:00,1687674120.0,6,June,25,6,Sunday,0,6
440,Kris_2506-0626.png,34,2023-06-25 22:07:37,2023-06-25 06:26:00,1687674360.0,6,June,25,6,Sunday,0,6
441,Kris_2506-0717.png,29,2023-06-25 22:08:19,2023-06-25 07:17:00,1687677420.0,6,June,25,6,Sunday,0,7
442,Kris_2506-0733.png,30,2023-06-25 22:09:22,2023-06-25 07:33:00,1687678380.0,6,June,25,6,Sunday,0,7
443,Kris_2506-0828.png,33,2023-06-25 22:10:07,2023-06-25 08:28:00,1687681680.0,6,June,25,6,Sunday,0,8
444,Kris_2506-0857.png,31,2023-06-25 22:11:01,2023-06-25 08:57:00,1687683420.0,6,June,25,6,Sunday,0,8
445,Kris_2506-0949.png,29,2023-06-25 22:11:46,2023-06-25 09:49:00,1687686540.0,6,June,25,6,Sunday,0,9
446,Kris_2506-1045.png,28,2023-06-25 22:12:38,2023-06-25 10:45:00,1687689900.0,6,June,25,6,Sunday,0,10
447,Kris_2506-1132.png,37,2023-06-25 22:14:00,2023-06-25 11:32:00,1687692720.0,6,June,25,6,Sunday,0,11
448,Kris_2506-1158.png,31,2023-06-25 22:15:05,2023-06-25 11:58:00,1687694280.0,6,June,25,6,Sunday,0,11
449,Kris_2506-1220.png,26,2023-06-25 22:15:50,2023-06-25 12:20:00,1687695600.0,6,June,25,6,Sunday,0,12
450,Kris_2506-1229.png,30,2023-06-25 22:16:42,2023-06-25 12:29:00,1687696140.0,6,June,25,6,Sunday,0,12
451,Kris_2506-1301.png,29,2023-06-26 20:45:26,2023-06-25 13:01:00,1687698060.0,6,June,25,6,Sunday,0,13
452,Kris_2506-1315.png,28,2023-06-26 20:45:26,2023-06-25 13:15:00,1687698900.0,6,June,25,6,Sunday,0,13
453,Kris_2506-1319.png,26,2023-06-26 20:45:25,2023-06-25 13:19:00,1687699140.0,6,June,25,6,Sunday,0,13
454,Kris_2506-1410.png,25,2023-06-26 20:45:25,2023-06-25 14:10:00,1687702200.0,6,June,25,6,Sunday,0,14
455,Kris_2506-1417.png,30,2023-06-26 20:45:25,2023-06-25 14:17:00,1687702620.0,6,June,25,6,Sunday,0,14
456,Kris_2506-1457.png,29,2023-06-26 20:45:25,2023-06-25 14:57:00,1687705020.0,6,June,25,6,Sunday,0,14
457,Kris_2506-1557.png,36,2023-06-26 20:45:25,2023-06-25 15:57:00,1687708620.0,6,June,25,6,Sunday,0,15
458,Kris_2506-1655.png,35,2023-06-26 20:45:25,2023-06-25 16:55:00,1687712100.0,6,June,25,6,Sunday,0,16
459,Kris_2506-1751.png,37,2023-06-26 20:45:24,2023-06-25 17:51:00,1687715460.0,6,June,25,6,Sunday,0,17
460,Kris_2506-1836.png,41,2023-06-26 20:45:24,2023-06-25 18:36:00,1687718160.0,6,June,25,6,Sunday,0,18
461,Kris_2506-1855.png,45,2023-06-26 20:45:24,2023-06-25 18:55:00,1687719300.0,6,June,25,6,Sunday,0,18
462,Kris_2506-1904.png,45,2023-06-26 20:45:24,2023-06-25 19:04:00,1687719840.0,6,June,25,6,Sunday,0,19
463,Kris_2506-1943.png,37,2023-06-26 20:45:24,2023-06-25 19:43:00,1687722180.0,6,June,25,6,Sunday,0,19
464,Kris_2506-1948.png,41,2023-06-26 20:45:24,2023-06-25 19:48:00,1687722480.0,6,June,25,6,Sunday,0,19
465,Kris_2506-2005.png,45,2023-06-26 20:45:23,2023-06-25 20:05:00,1687723500.0,6,June,25,6,Sunday,0,20
466,Kris_2506-2014.png,39,2023-06-26 20:45:23,2023-06-25 20:14:00,1687724040.0,6,June,25,6,Sunday,0,20
467,Kris_2506-2040.png,37,2023-06-26 20:45:23,2023-06-25 20:40:00,1687725600.0,6,June,25,6,Sunday,0,20
468,Kris_2506-2136.png,37,2023-06-26 20:45:23,2023-06-25 21:36:00,1687728960.0,6,June,25,6,Sunday,0,21
469,Kris_2506-2137.png,41,2023-06-26 20:45:23,2023-06-25 21:37:00,1687729020.0,6,June,25,6,Sunday,0,21
470,Kris_2506-2230.png,32,2023-06-26 20:45:23,2023-06-25 22:30:00,1687732200.0,6,June,25,6,Sunday,0,22
471,Kris_2506-2234.png,31,2023-06-26 20:45:22,2023-06-25 22:34:00,1687732440.0,6,June,25,6,Sunday,0,22
472,Kris_2506-2311.png,26,2023-06-26 20:45:22,2023-06-25 23:11:00,1687734660.0,6,June,25,6,Sunday,0,23
473,Kris_2506-2318.png,27,2023-06-26 20:45:22,2023-06-25 23:18:00,1687735080.0,6,June,25,6,Sunday,0,23
474,Kris_2506-2332.png,22,2023-06-26 20:45:22,2023-06-25 23:32:00,1687735920.0,6,June,25,6,Sunday,0,23
475,Kris_2606-0027.png,27,2023-06-26 20:45:22,2023-06-26 00:27:00,1687739220.0,6,June,26,0,Monday,0,0
476,Kris_2606-0040.png,32,2023-06-26 20:45:22,2023-06-26 00:40:00,1687740000.0,6,June,26,0,Monday,0,0
477,Kris_2606-0050.png,31,2023-06-26 20:45:21,2023-06-26 00:50:00,1687740600.0,6,June,26,0,Monday,0,0
478,Kris_2606-0116.png,26,2023-06-26 20:45:21,2023-06-26 01:16:00,1687742160.0,6,June,26,0,Monday,0,1
479,Kris_2606-0148.png,28,2023-06-26 20:45:21,2023-06-26 01:48:00,1687744080.0,6,June,26,0,Monday,0,1
480,Kris_2606-0205.png,30,2023-06-26 20:45:21,2023-06-26 02:05:00,1687745100.0,6,June,26,0,Monday,0,2
481,Kris_2606-0228.png,27,2023-06-26 20:45:21,2023-06-26 02:28:00,1687746480.0,6,June,26,0,Monday,0,2
482,Kris_2606-0253.png,28,2023-06-26 20:45:21,2023-06-26 02:53:00,1687747980.0,6,June,26,0,Monday,0,2
483,Kris_2606-0349.png,27,2023-06-26 20:45:21,2023-06-26 03:49:00,1687751340.0,6,June,26,0,Monday,0,3
484,Kris_2606-0355.png,26,2023-06-26 20:45:20,2023-06-26 03:55:00,1687751700.0,6,June,26,0,Monday,0,3
485,Kris_2606-0444.png,29,2023-06-26 20:45:20,2023-06-26 04:44:00,1687754640.0,6,June,26,0,Monday,0,4
486,Kris_2606-0452.png,26,2023-06-26 20:45:20,2023-06-26 04:52:00,1687755120.0,6,June,26,0,Monday,0,4
487,Kris_2606-0530.png,26,2023-06-26 20:45:20,2023-06-26 05:30:00,1687757400.0,6,June,26,0,Monday,0,5
488,Kris_2606-0557.png,26,2023-06-26 20:45:20,2023-06-26 05:57:00,1687759020.0,6,June,26,0,Monday,0,5
489,Kris_2606-0656.png,25,2023-06-26 20:45:19,2023-06-26 06:56:00,1687762560.0,6,June,26,0,Monday,0,6
490,Kris_2606-0740.png,26,2023-06-26 20:45:19,2023-06-26 07:40:00,1687765200.0,6,June,26,0,Monday,0,7
491,Kris_2606-0747.png,25,2023-06-26 20:45:19,2023-06-26 07:47:00,1687765620.0,6,June,26,0,Monday,0,7
492,Kris_2606-0752.png,32,2023-06-26 20:45:19,2023-06-26 07:52:00,1687765920.0,6,June,26,0,Monday,0,7
493,Kris_2606-0817.png,37,2023-06-26 20:45:19,2023-06-26 08:17:00,1687767420.0,6,June,26,0,Monday,0,8
494,Kris_2606-0913.png,38,2023-06-26 20:45:18,2023-06-26 09:13:00,1687770780.0,6,June,26,0,Monday,0,9
495,Kris_2606-1007.png,31,2023-06-26 20:45:18,2023-06-26 10:07:00,1687774020.0,6,June,26,0,Monday,0,10
496,Kris_2606-1017.png,39,2023-06-26 20:45:18,2023-06-26 10:17:00,1687774620.0,6,June,26,0,Monday,0,10
